-- phpMyAdmin SQL Dump
-- version 5.0.1
-- https://www.phpmyadmin.net/
--
-- Máy chủ: 127.0.0.1
-- Thời gian đã tạo: Th4 12, 2022 lúc 04:06 PM
-- Phiên bản máy phục vụ: 10.4.11-MariaDB
-- Phiên bản PHP: 7.4.3

SET SQL_MODE = "NO_AUTO_VALUE_ON_ZERO";
SET AUTOCOMMIT = 0;
START TRANSACTION;
SET time_zone = "+00:00";


/*!40101 SET @OLD_CHARACTER_SET_CLIENT=@@CHARACTER_SET_CLIENT */;
/*!40101 SET @OLD_CHARACTER_SET_RESULTS=@@CHARACTER_SET_RESULTS */;
/*!40101 SET @OLD_COLLATION_CONNECTION=@@COLLATION_CONNECTION */;
/*!40101 SET NAMES utf8mb4 */;

--
-- Cơ sở dữ liệu: `phone_shop`
--

-- --------------------------------------------------------

--
-- Cấu trúc bảng cho bảng `orders`
--

CREATE TABLE `orders` (
  `id` int(11) NOT NULL,
  `user_id` int(11) DEFAULT NULL,
  `order_date` datetime DEFAULT NULL,
  `note` text COLLATE utf8mb4_unicode_ci DEFAULT NULL
) ENGINE=InnoDB DEFAULT CHARSET=utf8mb4 COLLATE=utf8mb4_unicode_ci;

--
-- Đang đổ dữ liệu cho bảng `orders`
--

INSERT INTO `orders` (`id`, `user_id`, `order_date`, `note`) VALUES
(9, 6, '2022-03-22 10:53:40', 'Giao nhanh trong 1 ngày!'),
(10, 6, '2022-03-22 10:56:45', ''),
(11, 6, '2022-03-23 07:17:15', ''),
(12, 10, '2022-04-12 13:39:16', '');

-- --------------------------------------------------------

--
-- Cấu trúc bảng cho bảng `order_details`
--

CREATE TABLE `order_details` (
  `id` int(11) NOT NULL,
  `order_id` int(11) DEFAULT NULL,
  `product_id` int(11) DEFAULT NULL,
  `num` int(11) DEFAULT NULL,
  `price` float DEFAULT NULL
) ENGINE=InnoDB DEFAULT CHARSET=utf8mb4 COLLATE=utf8mb4_unicode_ci;

--
-- Đang đổ dữ liệu cho bảng `order_details`
--

INSERT INTO `order_details` (`id`, `order_id`, `product_id`, `num`, `price`) VALUES
(2, 9, 2, 2, 16990000),
(3, 10, 1, 1, 16990000),
(4, 10, 5, 2, 12990000),
(5, 10, 8, 1, 16990000),
(6, 10, 9, 2, 21990000),
(7, 11, 1, 1, 16990000),
(8, 11, 2, 1, 16990000),
(9, 12, 1, 1, 16990000),
(10, 12, 6, 1, 8990000);

-- --------------------------------------------------------

--
-- Cấu trúc bảng cho bảng `products`
--

CREATE TABLE `products` (
  `id` int(11) NOT NULL,
  `title` varchar(250) COLLATE utf8mb4_unicode_ci NOT NULL,
  `thumbnail` varchar(500) COLLATE utf8mb4_unicode_ci DEFAULT NULL,
  `content` longtext COLLATE utf8mb4_unicode_ci DEFAULT NULL,
  `price` float DEFAULT NULL,
  `created_at` datetime DEFAULT NULL,
  `updated_at` datetime DEFAULT NULL,
  `type` varchar(20) COLLATE utf8mb4_unicode_ci DEFAULT NULL
) ENGINE=InnoDB DEFAULT CHARSET=utf8mb4 COLLATE=utf8mb4_unicode_ci;

--
-- Đang đổ dữ liệu cho bảng `products`
--

INSERT INTO `products` (`id`, `title`, `thumbnail`, `content`, `price`, `created_at`, `updated_at`, `type`) VALUES
(1, 'Điện thoại iPhone 11 64GB', 'https://cdn.tgdd.vn/Products/Images/42/153856/iphone-xi-do-600x600.jpg', 'Tháng 3 này, mua hàng tại Thế Giới Di Động giá đã tốt nay còn tiết kiệm hơn hơn với ưu đãi giảm sốc 5% tối đa đến 500.000 đồng khi thanh toán qua Moca. Nếu muốn biết cách thức nhận ưu đãi này hãy đọc hết bài viết này bạn nhé. Nào đi thôi!\r\nThời gian áp dụng\r\nTừ 4/3/2021 - 11/3/2021 (có thể kết thúc sớm hơn dự kiến nếu hết ngân sách).\r\n\r\nĐiều kiện áp dụng\r\nÁp dụng cho tất cả sản phẩm có giá thanh toán cuối cùng từ 500.000đ trở lên (Trừ sim số, thẻ cào, tiện ích).\r\nKH nhập mã WOMANDAY để được giảm 5% tối đa 500K cho bill từ 500K.\r\nChỉ áp dụng 1.000 suất KH đầu tiên thanh toán thành công (Không hoàn hủy).\r\nKhách hàng phải dùng Ví Moca trên ứng dụng Grab để thanh toán online tại website: dienmayxanh.com, thegioididong.com, topzone.vn.\r\n\r\nLưu ý quan trọng\r\nPhải cài đặt sẵn App Grab.\r\nƯu đãi chỉ áp dụng trên phiên bản ứng dụng Grab mới nhất.\r\nMỗi chủ thẻ được 1 lần khuyến mãi /chương trình.\r\nKhông tách hóa đơn.\r\nChỉ áp dụng cho khách hàng lẻ, không áp dụng khách hàng mua buôn.', 16990000, '2022-01-20 15:12:32', '2022-01-20 16:12:32', 'IP'),
(2, 'Điện thoại iPhone 12 mini 128GB', 'https://cdn.tgdd.vn/Products/Images/42/228741/iphone-12-mini-trang-600x600.jpg', 'Tháng 3 này, mua hàng tại Thế Giới Di Động giá đã tốt nay còn tiết kiệm hơn hơn với ưu đãi giảm sốc 5% tối đa đến 500.000 đồng khi thanh toán qua Moca. Nếu muốn biết cách thức nhận ưu đãi này hãy đọc hết bài viết này bạn nhé. Nào đi thôi!\r\nThời gian áp dụng\r\nTừ 4/3/2021 - 11/3/2021 (có thể kết thúc sớm hơn dự kiến nếu hết ngân sách).\r\n\r\nĐiều kiện áp dụng\r\nÁp dụng cho tất cả sản phẩm có giá thanh toán cuối cùng từ 500.000đ trở lên (Trừ sim số, thẻ cào, tiện ích).\r\nKH nhập mã WOMANDAY để được giảm 5% tối đa 500K cho bill từ 500K.\r\nChỉ áp dụng 1.000 suất KH đầu tiên thanh toán thành công (Không hoàn hủy).\r\nKhách hàng phải dùng Ví Moca trên ứng dụng Grab để thanh toán online tại website: dienmayxanh.com, thegioididong.com, topzone.vn.\r\n\r\nLưu ý quan trọng\r\nPhải cài đặt sẵn App Grab.\r\nƯu đãi chỉ áp dụng trên phiên bản ứng dụng Grab mới nhất.\r\nMỗi chủ thẻ được 1 lần khuyến mãi /chương trình.\r\nKhông tách hóa đơn.\r\nChỉ áp dụng cho khách hàng lẻ, không áp dụng khách hàng mua buôn.', 16990000, '2022-01-20 00:00:00', '2022-01-21 00:00:00', 'IP'),
(3, 'Điện thoại Samsung Galaxy S22 5G 128GB', 'https://cdn.tgdd.vn/Products/Images/42/231110/Galaxy-S22-Black-600x600.jpg', 'Các bạn đã biết gì chưa, đó là Thế Giới Di Động đang triển khai chương trình trả góp 0% qua thẻ tín dụng đấy. Áp dụng cho rất nhiều siêu phẩm của Samsung Galaxy, quá hấp dẫn phải không? Do đó để không bỏ lỡ, hãy cùng mình tìm hiểu chi tiết bên dưới nhé!\r\nChi tiết chương trình\r\nĐịa điểm áp dụng: Tại hệ thống cửa hàng/website Thế Giới Di Động và Điện Máy XANH.\r\n\r\nThời gian áp dụng đăng ký trả góp: 01/10/2021 đến 31/03/2022\r\n\r\nSản phẩm áp dụng: (giá bán lẻ có thể thay đổi theo thời gian)  \r\n\r\nSamsung Galaxy Z Fold2 chính hãng - Giá bán lẻ (gồm VAT) 50.000.000 đồng.\r\nSamsung Galaxy Z Fold3 5G (12GB/256GB) chính hãng - Giá bán lẻ dự kiến (gồm VAT) 41.990.000 đồng.\r\nSamsung Galaxy Z Fold3 5G (12GB/512GB) chính hãng - Giá bán lẻ dự kiến (gồm VAT) 44.990.000 đồng.\r\nSamsung Galaxy Z Flip3 5G (8GB/256GB) chính hãng - Giá bán lẻ dự kiến (gồm VAT) 26.990.000 đồng.\r\nSamsung Galaxy Z Flip3 5G (8GB/128GB) chính hãng - Giá bán lẻ dự kiến (gồm VAT) 24.990.000 đồng.\r\nSamsung Galaxy S22 Ultra chính hãng (12GB/512GB) – Giá bán lẻ dự kiến (gồm VAT) 37.990.000 VNĐ.\r\nSamsung Galaxy S22 Ultra chính hãng (12GB/256GB) – Giá bán lẻ dự kiến (gồm VAT) 34.990.000 VNĐ.\r\nSamsung Galaxy S22 Ultra chính hãng (8GB/128GB) – Giá bán lẻ dự kiến (gồm VAT) 31.990.000 VNĐ.\r\nSamsung Galaxy S22+ chính hãng (8GB/256GB) – Giá bán lẻ dự kiến (gồm VAT) 28.490.000 VNĐ.\r\nSamsung Galaxy S22+ chính hãng (8GB/128GB) – Giá bán lẻ dự kiến (gồm VAT) 26.990.000 VNĐ.\r\nSamsung Galaxy S22 chính hãng (8GB/256GB) – Giá bán lẻ dự kiến (gồm VAT) 24.490.000 VNĐ. Samsung Galaxy S22 chính hãng (8GB/128GB) – Giá bán lẻ dự kiến (gồm VAT) 22.990.000 VNĐ.\r\nSamsung Galaxy Note 20 chính hãng - Giá bán lẻ (gồm VAT) 23.990.000 đồng.\r\nSamsung Galaxy S20 FE (8GB/256GB) chính hãng - Giá bán lẻ (gồm VAT) 15.490.000 đồng.\r\nSamsung Galaxy S21 5G chính hãng - Giá bán lẻ (gồm VAT) 20.990.000 đồng.\r\nSamsung Galaxy S21+ 5G (phiên bản 8GB/128GB) chính hãng - Giá bán lẻ (gồm VAT) 25.990.000 đồng.\r\nSamsung Galaxy S21+ 5G (phiên bản 8GB/256GB) chính hãng - Giá bán lẻ (gồm VAT) 28.990.000 đồng.\r\nSamsung Galaxy S21 Ultra 5G (12GB/128GB) chính hãng - Giá bán lẻ (gồm VAT) 30.990.000 đồng.\r\nThẻ tín dụng áp dụng: Thẻ tín dụng quốc tế cho khách hàng cá nhân được phát hành tại Việt Nam bởi một trong các ngân hàng Ngân Lượng (Citibank), Vietcombank, HSBC, Shinhanbank, Sacombank, Techcombank, VP Bank, MSB, SeABank, BIDV Bank, VIB, ACB, SHB, SCB, HDbank, Pvcombank (*).\r\n\r\nSố tiền đăng ký trả góp tối thiểu: Từ 5.000.000 đồng.\r\n\r\nSố tiền đăng ký trả góp tối đa: Bằng với số tiền thanh toán khi mua điện thoại Samsung Galaxy thuộc danh sách sản phẩm áp dụng và không được vượt quá giá bán lẻ đã bao gồm VAT của sản phẩm đó. Mỗi thẻ tín dụng không được đăng kí tham gia quá 8 (tám) lần (**) và Samsung sẽ được quyền tự động từ chối cho giao dịch thứ 9 (chín) trên cùng thẻ tín dụng.  \r\n\r\nThời hạn trả góp: 12 tháng và 24 tháng (thời hạn 24 tháng áp dụng cho khách hàng sử dụng thẻ HSBC,  Sacombank, MSB, SHB, BIDV).\r\n\r\n(*) Vào thời điểm thanh toán, số dư hạn mức tiêu dùng trong thẻ tín dụng của chủ thẻ phải còn đủ để thực hiện thành công giao dịch thanh toán mua điện thoại Samsung Galaxy thuộc danh sách sản phẩm áp dụng tại đại lý/ cửa hàng bán lẻ.\r\n\r\nỞ từng thời điểm, sản phẩm áp dụng có thể thay đổi ngân hàng Thẻ tín dụng hỗ trợ. Khách hàng vui lòng liên hệ Tổng đài Samsung hoặc Tổng đài ngân hàng để có thông tin chính xác. \r\n\r\n(**) Trong trường hợp chủ thẻ mua sản phẩm điện thoại trong chương trình này cùng với các sản phẩm hoặc phụ kiện khác thì chủ thẻ phải yêu cầu nhân viên của cửa hàng tách riêng giao dịch quẹt thẻ thanh toán cho điện thoại Samsung Galaxy với các giao dịch thanh toán cho sản phẩm/ phụ kiện khác. Chương trình chỉ yêu cầu tách giao dịch thanh toán khi quẹt thẻ, không cần tách hóa đơn sản phẩm.  \r\n\r\nTrường hợp chủ thẻ không tách riêng giao dịch quẹt thẻ thanh toán cho điện thoại Samsung Galaxy thuộc danh sách áp dụng như quy định thì đăng ký trả góp của chủ thẻ sẽ không được chấp nhận và chủ thẻ sẽ phải thanh toán theo điều khoản và quy định thông thường của ngân hàng phát hành thẻ.  \r\n\r\nQuy trình đăng ký trả góp\r\n\r\nBước 1: Chủ thẻ hoàn tất giao dịch thanh toán mua điện thoại Samsung Galaxy chính hãng trong chương  trình này bằng thẻ tín dụng quốc tế (dành cho cá nhân) được phát hành tại Việt Nam bởi một trong các ngân hàng đối tác bao gồm Ngân Lượng (Citibank), Vietcombank, HSBC, Shinhanbank, Sacombank,  Techcombank, VP Bank, MSB, SeABank, BIDV Bank, VIB, ACB, SHB, SCB, HDbank, Pvcombank (***). \r\n\r\nTrong trường hợp chủ thẻ mua điện thoại cùng với các sản phẩm/phụ kiện khác thì chủ thẻ phải yêu cầu nhân viên của cửa hàng tách riêng giao dịch quẹt thẻ thanh toán cho điện thoại Samsung Galaxy với các giao dịch thanh toán cho sản phẩm/ phụ kiện khác.  \r\n\r\nBước 2: Mở ứng dụng Quà tặng Galaxy trên điện thoại Samsung Galaxy vừa mua. Vào banner chương trình trả góp Galaxy Gift để đăng kí thông tin trên ứng dụng. Hoàn tất các bước theo hướng dẫn trên ứng dụng để đăng ký trả góp 0% cho giao dịch mua điện thoại Samsung Galaxy thuộc danh sách áp dụng chương trình của chủ thẻ, khách hàng lưu ý cần điền thông tin mã chuẩn chi (6 số) vào mẫu đơn đăng ký trên ứng dụng Galaxy Gift (****) (*****).\r\n\r\nRiêng đối với chủ thẻ Ngân Lượng (Citibank), sau khi đăng ký Galaxy Gift, để giao dịch hợp lệ Trả góp, bắt buộc khách hàng cần đăng ký form Citi Paylite của Ngân hàng theo hướng dẫn sau: Chủ thẻ nhắn “0”  gửi 6058 để nhận đường dẫn tới link Đăng Ký Chương Trình Trả Góp 0% Lãi Suất Citi PayLite trực tuyến https://www.citibank.com.vn/Landing_Pages/vietnamese/PayLite/application-form.htm điền thông tin giao dịch và đồng ý với Điều khoản và Điều kiện của chương trình, sau đó bấm \"Gửi  Yêu Cầu\"; Hotline Citibank: 028.3521 1111.\r\n\r\nBước 3: Sau khi đăng ký thành công, hệ thống sẽ gửi thông báo: \"Cảm ơn bạn đã tham gia chương trình. Thông tin của bạn đã được tiếp nhận và đang được xử lý chuyển đổi trả góp. Mọi thắc mắc vui lòng liên hệ tổng đài 1800 588 855 (miễn phí) Hoặc 02873013213 (có tính phí) để được hướng dẫn\".\r\n\r\n(***) Việc đăng ký trả góp 0% trên ứng dụng Quà tặng Galaxy của Samsung phải được thực hiện hoàn tất trong vòng 07 ngày kể từ ngày quẹt thẻ tín dụng thanh toán mua sản phẩm áp dụng, và phải trước ngày sao kê thẻ tín dụng của chủ thẻ. Máy phải được kích hoạt MCS (bảo hành chính hãng) không được quá 7 ngày kể từ ngày giao dịch. Những máy kích hoạt bảo hành MCS trước ngày giao dịch quá 7 ngày cũng sẽ không được tham gia chương trình. Thời hạn bảo hành được xác nhận dựa vào thông tin bảo hành điện tử thông qua ứng dụng CS One tải từ CH Play hoặc App Store; hoặc dựa vào các công cụ kiểm tra thời hạn bảo hành của Samsung; hoặc theo chứng từ mua  hàng đối với các sản phẩm bảo hành toàn cầu. Khách hàng có thể truy cập: https://www.samsung.com/vn/support/mobile-devices/warranty-check/.\r\n\r\nSau khi Chủ thẻ đăng ký chương trình trả góp lãi suất 0%, số tiền này sẽ được chuyển đổi chậm nhất sau 20 ngày làm việc. Trường hợp chủ thẻ nhận được thông báo giao dịch nhưng số tiền chưa chuyển đổi/ chủ thẻ thanh toán dư nợ trước hạn, chủ thẻ vui lòng liên hệ tổng đài 1800 588 855 (miễn phí) Hoặc 02873013213 (có tính phí) để được hướng dẫn. Trường hợp số tiền giao dịch chưa được chuyển đổi trả góp và đã thể hiện trên thông báo giao dịch, thì vui lòng thông báo cho ngân hàng để kiểm tra và xử lý, chậm nhất là 30 ngày kể từ ngày phát sinh giao dịch, sau thời gian này phía ngân hàng và Samsung hoàn toàn miễn trách nhiệm đối với lãi/ phí phát sinh có liên quan (nếu có).\r\n\r\n (*****) Riêng đối với chủ thẻ VP Bank, chương trình trả góp chỉ áp dụng với các loại thẻ tín dụng BIN 8 số thuộc danh sách sau: 52039930, 52039930, 52039967, 52039999, 52397568, 52397579, 52397599, 52439430, 52439466, 52439499, 52439468, 52439469, 51896601, 51896602. Bộ phận 24/7 của VP Bank sẽ gọi cho khách hàng để xác nhận trả góp. Trường hợp không liên lạc được sau 3 lần liên lạc, phía ngân hàng sẽ từ chối chuyển đổi trả góp cho khách hàng.\r\n\r\nBước 4: Samsung và ngân hàng phát hành thẻ sẽ đối chiếu, Samsung kiểm tra thông tin do chủ thẻ cung cấp trên trang web đăng ký trả góp Galaxy Gift và Ngân hàng chuyển đổi trả góp cho các giao dịch hợp lệ của chủ thẻ. \r\n\r\n3. Mọi thắc mắc chi tiết về chương trình, vui lòng liên hệ: Samsung hotline: 1800 588 889 (Miễn Phí)/ 02873013213 (Có Tính Phí).', 21990000, '2022-01-22 15:12:32', '2022-01-23 16:12:32', 'SS'),
(4, 'Điện thoại Samsung Galaxy Note 20', 'https://cdn.tgdd.vn/Products/Images/42/218355/samsung-galaxy-note-20-062220-122200-fix-600x600.jpg', 'Các bạn đã biết gì chưa, đó là Thế Giới Di Động đang triển khai chương trình trả góp 0% qua thẻ tín dụng đấy. Áp dụng cho rất nhiều siêu phẩm của Samsung Galaxy, quá hấp dẫn phải không? Do đó để không bỏ lỡ, hãy cùng mình tìm hiểu chi tiết bên dưới nhé!\r\nChi tiết chương trình\r\nĐịa điểm áp dụng: Tại hệ thống cửa hàng/website Thế Giới Di Động và Điện Máy XANH.\r\n\r\nThời gian áp dụng đăng ký trả góp: 01/10/2021 đến 31/03/2022\r\n\r\nSản phẩm áp dụng: (giá bán lẻ có thể thay đổi theo thời gian)  \r\n\r\nSamsung Galaxy Z Fold2 chính hãng - Giá bán lẻ (gồm VAT) 50.000.000 đồng.\r\nSamsung Galaxy Z Fold3 5G (12GB/256GB) chính hãng - Giá bán lẻ dự kiến (gồm VAT) 41.990.000 đồng.\r\nSamsung Galaxy Z Fold3 5G (12GB/512GB) chính hãng - Giá bán lẻ dự kiến (gồm VAT) 44.990.000 đồng.\r\nSamsung Galaxy Z Flip3 5G (8GB/256GB) chính hãng - Giá bán lẻ dự kiến (gồm VAT) 26.990.000 đồng.\r\nSamsung Galaxy Z Flip3 5G (8GB/128GB) chính hãng - Giá bán lẻ dự kiến (gồm VAT) 24.990.000 đồng.\r\nSamsung Galaxy S22 Ultra chính hãng (12GB/512GB) – Giá bán lẻ dự kiến (gồm VAT) 37.990.000 VNĐ.\r\nSamsung Galaxy S22 Ultra chính hãng (12GB/256GB) – Giá bán lẻ dự kiến (gồm VAT) 34.990.000 VNĐ.\r\nSamsung Galaxy S22 Ultra chính hãng (8GB/128GB) – Giá bán lẻ dự kiến (gồm VAT) 31.990.000 VNĐ.\r\nSamsung Galaxy S22+ chính hãng (8GB/256GB) – Giá bán lẻ dự kiến (gồm VAT) 28.490.000 VNĐ.\r\nSamsung Galaxy S22+ chính hãng (8GB/128GB) – Giá bán lẻ dự kiến (gồm VAT) 26.990.000 VNĐ.\r\nSamsung Galaxy S22 chính hãng (8GB/256GB) – Giá bán lẻ dự kiến (gồm VAT) 24.490.000 VNĐ. Samsung Galaxy S22 chính hãng (8GB/128GB) – Giá bán lẻ dự kiến (gồm VAT) 22.990.000 VNĐ.\r\nSamsung Galaxy Note 20 chính hãng - Giá bán lẻ (gồm VAT) 23.990.000 đồng.\r\nSamsung Galaxy S20 FE (8GB/256GB) chính hãng - Giá bán lẻ (gồm VAT) 15.490.000 đồng.\r\nSamsung Galaxy S21 5G chính hãng - Giá bán lẻ (gồm VAT) 20.990.000 đồng.\r\nSamsung Galaxy S21+ 5G (phiên bản 8GB/128GB) chính hãng - Giá bán lẻ (gồm VAT) 25.990.000 đồng.\r\nSamsung Galaxy S21+ 5G (phiên bản 8GB/256GB) chính hãng - Giá bán lẻ (gồm VAT) 28.990.000 đồng.\r\nSamsung Galaxy S21 Ultra 5G (12GB/128GB) chính hãng - Giá bán lẻ (gồm VAT) 30.990.000 đồng.\r\nThẻ tín dụng áp dụng: Thẻ tín dụng quốc tế cho khách hàng cá nhân được phát hành tại Việt Nam bởi một trong các ngân hàng Ngân Lượng (Citibank), Vietcombank, HSBC, Shinhanbank, Sacombank, Techcombank, VP Bank, MSB, SeABank, BIDV Bank, VIB, ACB, SHB, SCB, HDbank, Pvcombank (*).\r\n\r\nSố tiền đăng ký trả góp tối thiểu: Từ 5.000.000 đồng.\r\n\r\nSố tiền đăng ký trả góp tối đa: Bằng với số tiền thanh toán khi mua điện thoại Samsung Galaxy thuộc danh sách sản phẩm áp dụng và không được vượt quá giá bán lẻ đã bao gồm VAT của sản phẩm đó. Mỗi thẻ tín dụng không được đăng kí tham gia quá 8 (tám) lần (**) và Samsung sẽ được quyền tự động từ chối cho giao dịch thứ 9 (chín) trên cùng thẻ tín dụng.  \r\n\r\nThời hạn trả góp: 12 tháng và 24 tháng (thời hạn 24 tháng áp dụng cho khách hàng sử dụng thẻ HSBC,  Sacombank, MSB, SHB, BIDV).\r\n\r\n(*) Vào thời điểm thanh toán, số dư hạn mức tiêu dùng trong thẻ tín dụng của chủ thẻ phải còn đủ để thực hiện thành công giao dịch thanh toán mua điện thoại Samsung Galaxy thuộc danh sách sản phẩm áp dụng tại đại lý/ cửa hàng bán lẻ.\r\n\r\nỞ từng thời điểm, sản phẩm áp dụng có thể thay đổi ngân hàng Thẻ tín dụng hỗ trợ. Khách hàng vui lòng liên hệ Tổng đài Samsung hoặc Tổng đài ngân hàng để có thông tin chính xác. \r\n\r\n(**) Trong trường hợp chủ thẻ mua sản phẩm điện thoại trong chương trình này cùng với các sản phẩm hoặc phụ kiện khác thì chủ thẻ phải yêu cầu nhân viên của cửa hàng tách riêng giao dịch quẹt thẻ thanh toán cho điện thoại Samsung Galaxy với các giao dịch thanh toán cho sản phẩm/ phụ kiện khác. Chương trình chỉ yêu cầu tách giao dịch thanh toán khi quẹt thẻ, không cần tách hóa đơn sản phẩm.  \r\n\r\nTrường hợp chủ thẻ không tách riêng giao dịch quẹt thẻ thanh toán cho điện thoại Samsung Galaxy thuộc danh sách áp dụng như quy định thì đăng ký trả góp của chủ thẻ sẽ không được chấp nhận và chủ thẻ sẽ phải thanh toán theo điều khoản và quy định thông thường của ngân hàng phát hành thẻ.  \r\n\r\nQuy trình đăng ký trả góp\r\n\r\nBước 1: Chủ thẻ hoàn tất giao dịch thanh toán mua điện thoại Samsung Galaxy chính hãng trong chương  trình này bằng thẻ tín dụng quốc tế (dành cho cá nhân) được phát hành tại Việt Nam bởi một trong các ngân hàng đối tác bao gồm Ngân Lượng (Citibank), Vietcombank, HSBC, Shinhanbank, Sacombank,  Techcombank, VP Bank, MSB, SeABank, BIDV Bank, VIB, ACB, SHB, SCB, HDbank, Pvcombank (***). \r\n\r\nTrong trường hợp chủ thẻ mua điện thoại cùng với các sản phẩm/phụ kiện khác thì chủ thẻ phải yêu cầu nhân viên của cửa hàng tách riêng giao dịch quẹt thẻ thanh toán cho điện thoại Samsung Galaxy với các giao dịch thanh toán cho sản phẩm/ phụ kiện khác.  \r\n\r\nBước 2: Mở ứng dụng Quà tặng Galaxy trên điện thoại Samsung Galaxy vừa mua. Vào banner chương trình trả góp Galaxy Gift để đăng kí thông tin trên ứng dụng. Hoàn tất các bước theo hướng dẫn trên ứng dụng để đăng ký trả góp 0% cho giao dịch mua điện thoại Samsung Galaxy thuộc danh sách áp dụng chương trình của chủ thẻ, khách hàng lưu ý cần điền thông tin mã chuẩn chi (6 số) vào mẫu đơn đăng ký trên ứng dụng Galaxy Gift (****) (*****).\r\n\r\nRiêng đối với chủ thẻ Ngân Lượng (Citibank), sau khi đăng ký Galaxy Gift, để giao dịch hợp lệ Trả góp, bắt buộc khách hàng cần đăng ký form Citi Paylite của Ngân hàng theo hướng dẫn sau: Chủ thẻ nhắn “0”  gửi 6058 để nhận đường dẫn tới link Đăng Ký Chương Trình Trả Góp 0% Lãi Suất Citi PayLite trực tuyến https://www.citibank.com.vn/Landing_Pages/vietnamese/PayLite/application-form.htm điền thông tin giao dịch và đồng ý với Điều khoản và Điều kiện của chương trình, sau đó bấm \"Gửi  Yêu Cầu\"; Hotline Citibank: 028.3521 1111.\r\n\r\nBước 3: Sau khi đăng ký thành công, hệ thống sẽ gửi thông báo: \"Cảm ơn bạn đã tham gia chương trình. Thông tin của bạn đã được tiếp nhận và đang được xử lý chuyển đổi trả góp. Mọi thắc mắc vui lòng liên hệ tổng đài 1800 588 855 (miễn phí) Hoặc 02873013213 (có tính phí) để được hướng dẫn\".\r\n\r\n(***) Việc đăng ký trả góp 0% trên ứng dụng Quà tặng Galaxy của Samsung phải được thực hiện hoàn tất trong vòng 07 ngày kể từ ngày quẹt thẻ tín dụng thanh toán mua sản phẩm áp dụng, và phải trước ngày sao kê thẻ tín dụng của chủ thẻ. Máy phải được kích hoạt MCS (bảo hành chính hãng) không được quá 7 ngày kể từ ngày giao dịch. Những máy kích hoạt bảo hành MCS trước ngày giao dịch quá 7 ngày cũng sẽ không được tham gia chương trình. Thời hạn bảo hành được xác nhận dựa vào thông tin bảo hành điện tử thông qua ứng dụng CS One tải từ CH Play hoặc App Store; hoặc dựa vào các công cụ kiểm tra thời hạn bảo hành của Samsung; hoặc theo chứng từ mua  hàng đối với các sản phẩm bảo hành toàn cầu. Khách hàng có thể truy cập: https://www.samsung.com/vn/support/mobile-devices/warranty-check/.\r\n\r\nSau khi Chủ thẻ đăng ký chương trình trả góp lãi suất 0%, số tiền này sẽ được chuyển đổi chậm nhất sau 20 ngày làm việc. Trường hợp chủ thẻ nhận được thông báo giao dịch nhưng số tiền chưa chuyển đổi/ chủ thẻ thanh toán dư nợ trước hạn, chủ thẻ vui lòng liên hệ tổng đài 1800 588 855 (miễn phí) Hoặc 02873013213 (có tính phí) để được hướng dẫn. Trường hợp số tiền giao dịch chưa được chuyển đổi trả góp và đã thể hiện trên thông báo giao dịch, thì vui lòng thông báo cho ngân hàng để kiểm tra và xử lý, chậm nhất là 30 ngày kể từ ngày phát sinh giao dịch, sau thời gian này phía ngân hàng và Samsung hoàn toàn miễn trách nhiệm đối với lãi/ phí phát sinh có liên quan (nếu có).\r\n\r\n (*****) Riêng đối với chủ thẻ VP Bank, chương trình trả góp chỉ áp dụng với các loại thẻ tín dụng BIN 8 số thuộc danh sách sau: 52039930, 52039930, 52039967, 52039999, 52397568, 52397579, 52397599, 52439430, 52439466, 52439499, 52439468, 52439469, 51896601, 51896602. Bộ phận 24/7 của VP Bank sẽ gọi cho khách hàng để xác nhận trả góp. Trường hợp không liên lạc được sau 3 lần liên lạc, phía ngân hàng sẽ từ chối chuyển đổi trả góp cho khách hàng.\r\n\r\nBước 4: Samsung và ngân hàng phát hành thẻ sẽ đối chiếu, Samsung kiểm tra thông tin do chủ thẻ cung cấp trên trang web đăng ký trả góp Galaxy Gift và Ngân hàng chuyển đổi trả góp cho các giao dịch hợp lệ của chủ thẻ. \r\n\r\n3. Mọi thắc mắc chi tiết về chương trình, vui lòng liên hệ: Samsung hotline: 1800 588 889 (Miễn Phí)/ 02873013213 (Có Tính Phí).', 15599000, '2022-01-25 00:00:00', '2022-01-26 00:00:00', 'SS'),
(5, 'Điện thoại OPPO Reno6 5G', 'https://cdn.tgdd.vn/Products/Images/42/236186/oppo-reno6-5g-black-600x600.jpg', 'Chào tháng 12 tới với những niềm vui mới, Thế Giới Di Động mang đến khuyến mãi giảm 3% tối đa 100K khi thanh toán qua VNPAY QR. Tiện lợi và tiết kiệm, đó là những điều bạn sẽ có được khi không bỏ qua chương trình hấp dẫn này.\r\nĐể biết thêm chi tiết, hãy cùng lướt xuống bên dưới để tham khảo.\r\n\r\nThông tin chương trình\r\nThời gian diễn ra:\r\n\r\nGiai đoạn 1: 01/09/2021 - 30/09/2021.\r\n\r\nGiai đoạn 2: 01/10/2021 - 31/10/2021.\r\n\r\nGiai đoạn 3: 01/11/2021 - 31/11/2021.\r\n\r\nGiai đoạn 4: 01/12/2021 - 31/12/2021.\r\n\r\nGiai đoạn 5: 01/01/2022 - 31/01/2022.\r\n\r\nGiai đoạn 5: 01/02/2022 - 28/02/2022.\r\n\r\nGiai đoạn 5: 01/03/2022 - 31/03/2022.\r\n\r\nSản phẩm áp dụng: Tất cả sản phẩm (trừ các sản phẩm iPhone, Laptop, Sim số thẻ cào, Dịch vụ tiện ích).\r\n\r\nKhách hàng khi thanh toán nhập mã: Để được nhận ưu đãi, nhập mã DMX100.\r\n\r\nCác ngân hàng được áp dụng KM: Vietcombank, BIDV, VietinBank, Agribank, Nam A Bank, Eximbank, SCB, HDBank, ABBank, Vietbank, BIDC, SAIGONBANK, OceanBank, Kienlongbank, Bảo Việt Bank, Việt Á Bank và ví điện tử VNPAY\r\n\r\nSau đây là các bước mua hàng bằng cách quét mã VNPAY QR trên Thế Giới Di Động khi mua một đơn hàng nào đó:\r\n\r\nBước 1: Truy cập vào trang chủ của Thế Giới Di Động/Điện Máy xanh và mua một sản phẩm bất kì. Chọn mục MUA NGAY.\r\n\r\nBước 2: Giao diện sẽ hiện ra như hình, bạn điền thông tin cá nhân chính xác để đặt hàng. Sau đó bạn hãy chọn mục ĐẶT HÀNG.\r\n\r\nBước 3: Sẽ hiển thị thông tin đặt hàng thành công và chọn hình thức Thanh toán qua QR Code.\r\n\r\nBước 4: Giao diện quét mã sẽ hiện ra như hình.\r\n\r\nBước 5: Việc cần làm chỉ là chọn một trong các ngân hàng ở trên (đã cài sẵn ứng dụng ngân hàng đó) rồi hệ thống sẽ nhanh chóng hiển thị các thông tin tương ứng của giao dịch để bạn xác nhận và hoàn tất thủ tục thanh toán.\r\n\r\nLưu ý nhập mã DMX100 để được hưởng ưu đãi.\r\n\r\nLưu ý quan trọng:\r\n\r\nSố lần khuyến mãi: Mỗi khách hàng (tương ứng với mỗi số tài khoản ngân hàng và/hoặc số điện thoại đăng ký dịch vụ Mobile Banking) được khuyến mãi 01 (một lần)/giai đoạn.\r\nKhông áp dụng chung với các chương trình khuyến mãi VNPAY QR khác.\r\nKhông tách hóa đơn.\r\nChỉ áp dụng cho khách hàng lẻ, không áp dụng khách hàng mua buôn.\r\nNgoài ra, nếu như khách hàng đặt hàng trên smartphone bị lỗi thì tham khảo những cách làm sau để có thể nhận được ưu đãi: Với hệ điều hành iOS (iPhone, iPad), cần dùng trình duyệt Safari để đặt hàng.\r\n\r\nCần phải cài sẵn App của Ngân hàng đang dùng để tiến hành thanh toán.\r\nTrong một số trường hợp đã làm theo mục 1 và 2 nhưng vẫn lỗi, bạn thử sử dụng máy tính hoặc dùng điện thoại khác để thanh toán nhé!\r\nVậy còn chần chờ gì, nhanh chóng note lại để mua sắm thôi nào.', 12990000, '2022-01-26 15:12:32', '2022-01-27 15:12:32', 'OP'),
(6, 'Điện thoại OPPO Reno5 5G', 'https://cdn.tgdd.vn/Products/Images/42/233460/oppo-reno5-5g-thumb-600x600.jpg', 'Chào tháng 12 tới với những niềm vui mới, Thế Giới Di Động mang đến khuyến mãi giảm 3% tối đa 100K khi thanh toán qua VNPAY QR. Tiện lợi và tiết kiệm, đó là những điều bạn sẽ có được khi không bỏ qua chương trình hấp dẫn này.\r\nĐể biết thêm chi tiết, hãy cùng lướt xuống bên dưới để tham khảo.\r\n\r\nThông tin chương trình\r\nThời gian diễn ra:\r\n\r\nGiai đoạn 1: 01/09/2021 - 30/09/2021.\r\n\r\nGiai đoạn 2: 01/10/2021 - 31/10/2021.\r\n\r\nGiai đoạn 3: 01/11/2021 - 31/11/2021.\r\n\r\nGiai đoạn 4: 01/12/2021 - 31/12/2021.\r\n\r\nGiai đoạn 5: 01/01/2022 - 31/01/2022.\r\n\r\nGiai đoạn 5: 01/02/2022 - 28/02/2022.\r\n\r\nGiai đoạn 5: 01/03/2022 - 31/03/2022.\r\n\r\nSản phẩm áp dụng: Tất cả sản phẩm (trừ các sản phẩm iPhone, Laptop, Sim số thẻ cào, Dịch vụ tiện ích).\r\n\r\nKhách hàng khi thanh toán nhập mã: Để được nhận ưu đãi, nhập mã DMX100.\r\n\r\nCác ngân hàng được áp dụng KM: Vietcombank, BIDV, VietinBank, Agribank, Nam A Bank, Eximbank, SCB, HDBank, ABBank, Vietbank, BIDC, SAIGONBANK, OceanBank, Kienlongbank, Bảo Việt Bank, Việt Á Bank và ví điện tử VNPAY\r\n\r\nSau đây là các bước mua hàng bằng cách quét mã VNPAY QR trên Thế Giới Di Động khi mua một đơn hàng nào đó:\r\n\r\nBước 1: Truy cập vào trang chủ của Thế Giới Di Động/Điện Máy xanh và mua một sản phẩm bất kì. Chọn mục MUA NGAY.\r\n\r\nBước 2: Giao diện sẽ hiện ra như hình, bạn điền thông tin cá nhân chính xác để đặt hàng. Sau đó bạn hãy chọn mục ĐẶT HÀNG.\r\n\r\nBước 3: Sẽ hiển thị thông tin đặt hàng thành công và chọn hình thức Thanh toán qua QR Code.\r\n\r\nBước 4: Giao diện quét mã sẽ hiện ra như hình.\r\n\r\nBước 5: Việc cần làm chỉ là chọn một trong các ngân hàng ở trên (đã cài sẵn ứng dụng ngân hàng đó) rồi hệ thống sẽ nhanh chóng hiển thị các thông tin tương ứng của giao dịch để bạn xác nhận và hoàn tất thủ tục thanh toán.\r\n\r\nLưu ý nhập mã DMX100 để được hưởng ưu đãi.\r\n\r\nLưu ý quan trọng:\r\n\r\nSố lần khuyến mãi: Mỗi khách hàng (tương ứng với mỗi số tài khoản ngân hàng và/hoặc số điện thoại đăng ký dịch vụ Mobile Banking) được khuyến mãi 01 (một lần)/giai đoạn.\r\nKhông áp dụng chung với các chương trình khuyến mãi VNPAY QR khác.\r\nKhông tách hóa đơn.\r\nChỉ áp dụng cho khách hàng lẻ, không áp dụng khách hàng mua buôn.\r\nNgoài ra, nếu như khách hàng đặt hàng trên smartphone bị lỗi thì tham khảo những cách làm sau để có thể nhận được ưu đãi: Với hệ điều hành iOS (iPhone, iPad), cần dùng trình duyệt Safari để đặt hàng.\r\n\r\nCần phải cài sẵn App của Ngân hàng đang dùng để tiến hành thanh toán.\r\nTrong một số trường hợp đã làm theo mục 1 và 2 nhưng vẫn lỗi, bạn thử sử dụng máy tính hoặc dùng điện thoại khác để thanh toán nhé!\r\nVậy còn chần chờ gì, nhanh chóng note lại để mua sắm thôi nào.', 8990000, '2022-01-28 00:00:00', '2022-01-29 00:00:00', 'OP'),
(7, 'Điện thoại iPhone 11 64GB', 'https://cdn.tgdd.vn/Products/Images/42/153856/iphone-xi-do-600x600.jpg', 'Tháng 3 này, mua hàng tại Thế Giới Di Động giá đã tốt nay còn tiết kiệm hơn hơn với ưu đãi giảm sốc 5% tối đa đến 500.000 đồng khi thanh toán qua Moca. Nếu muốn biết cách thức nhận ưu đãi này hãy đọc hết bài viết này bạn nhé. Nào đi thôi!\r\nThời gian áp dụng\r\nTừ 4/3/2021 - 11/3/2021 (có thể kết thúc sớm hơn dự kiến nếu hết ngân sách).\r\n\r\nĐiều kiện áp dụng\r\nÁp dụng cho tất cả sản phẩm có giá thanh toán cuối cùng từ 500.000đ trở lên (Trừ sim số, thẻ cào, tiện ích).\r\nKH nhập mã WOMANDAY để được giảm 5% tối đa 500K cho bill từ 500K.\r\nChỉ áp dụng 1.000 suất KH đầu tiên thanh toán thành công (Không hoàn hủy).\r\nKhách hàng phải dùng Ví Moca trên ứng dụng Grab để thanh toán online tại website: dienmayxanh.com, thegioididong.com, topzone.vn.\r\n\r\nLưu ý quan trọng\r\nPhải cài đặt sẵn App Grab.\r\nƯu đãi chỉ áp dụng trên phiên bản ứng dụng Grab mới nhất.\r\nMỗi chủ thẻ được 1 lần khuyến mãi /chương trình.\r\nKhông tách hóa đơn.\r\nChỉ áp dụng cho khách hàng lẻ, không áp dụng khách hàng mua buôn.', 16990000, '2022-01-20 15:12:32', '2022-01-20 16:12:32', 'IP'),
(8, 'Điện thoại iPhone 12 mini 128GB', 'https://cdn.tgdd.vn/Products/Images/42/228741/iphone-12-mini-trang-600x600.jpg', 'Tháng 3 này, mua hàng tại Thế Giới Di Động giá đã tốt nay còn tiết kiệm hơn hơn với ưu đãi giảm sốc 5% tối đa đến 500.000 đồng khi thanh toán qua Moca. Nếu muốn biết cách thức nhận ưu đãi này hãy đọc hết bài viết này bạn nhé. Nào đi thôi!\r\nThời gian áp dụng\r\nTừ 4/3/2021 - 11/3/2021 (có thể kết thúc sớm hơn dự kiến nếu hết ngân sách).\r\n\r\nĐiều kiện áp dụng\r\nÁp dụng cho tất cả sản phẩm có giá thanh toán cuối cùng từ 500.000đ trở lên (Trừ sim số, thẻ cào, tiện ích).\r\nKH nhập mã WOMANDAY để được giảm 5% tối đa 500K cho bill từ 500K.\r\nChỉ áp dụng 1.000 suất KH đầu tiên thanh toán thành công (Không hoàn hủy).\r\nKhách hàng phải dùng Ví Moca trên ứng dụng Grab để thanh toán online tại website: dienmayxanh.com, thegioididong.com, topzone.vn.\r\n\r\nLưu ý quan trọng\r\nPhải cài đặt sẵn App Grab.\r\nƯu đãi chỉ áp dụng trên phiên bản ứng dụng Grab mới nhất.\r\nMỗi chủ thẻ được 1 lần khuyến mãi /chương trình.\r\nKhông tách hóa đơn.\r\nChỉ áp dụng cho khách hàng lẻ, không áp dụng khách hàng mua buôn.', 16990000, '2022-01-20 00:00:00', '2022-01-21 00:00:00', 'IP'),
(9, 'Điện thoại Samsung Galaxy S22 5G 128GB', 'https://cdn.tgdd.vn/Products/Images/42/231110/Galaxy-S22-Black-600x600.jpg', 'Các bạn đã biết gì chưa, đó là Thế Giới Di Động đang triển khai chương trình trả góp 0% qua thẻ tín dụng đấy. Áp dụng cho rất nhiều siêu phẩm của Samsung Galaxy, quá hấp dẫn phải không? Do đó để không bỏ lỡ, hãy cùng mình tìm hiểu chi tiết bên dưới nhé!\r\nChi tiết chương trình\r\nĐịa điểm áp dụng: Tại hệ thống cửa hàng/website Thế Giới Di Động và Điện Máy XANH.\r\n\r\nThời gian áp dụng đăng ký trả góp: 01/10/2021 đến 31/03/2022\r\n\r\nSản phẩm áp dụng: (giá bán lẻ có thể thay đổi theo thời gian)  \r\n\r\nSamsung Galaxy Z Fold2 chính hãng - Giá bán lẻ (gồm VAT) 50.000.000 đồng.\r\nSamsung Galaxy Z Fold3 5G (12GB/256GB) chính hãng - Giá bán lẻ dự kiến (gồm VAT) 41.990.000 đồng.\r\nSamsung Galaxy Z Fold3 5G (12GB/512GB) chính hãng - Giá bán lẻ dự kiến (gồm VAT) 44.990.000 đồng.\r\nSamsung Galaxy Z Flip3 5G (8GB/256GB) chính hãng - Giá bán lẻ dự kiến (gồm VAT) 26.990.000 đồng.\r\nSamsung Galaxy Z Flip3 5G (8GB/128GB) chính hãng - Giá bán lẻ dự kiến (gồm VAT) 24.990.000 đồng.\r\nSamsung Galaxy S22 Ultra chính hãng (12GB/512GB) – Giá bán lẻ dự kiến (gồm VAT) 37.990.000 VNĐ.\r\nSamsung Galaxy S22 Ultra chính hãng (12GB/256GB) – Giá bán lẻ dự kiến (gồm VAT) 34.990.000 VNĐ.\r\nSamsung Galaxy S22 Ultra chính hãng (8GB/128GB) – Giá bán lẻ dự kiến (gồm VAT) 31.990.000 VNĐ.\r\nSamsung Galaxy S22+ chính hãng (8GB/256GB) – Giá bán lẻ dự kiến (gồm VAT) 28.490.000 VNĐ.\r\nSamsung Galaxy S22+ chính hãng (8GB/128GB) – Giá bán lẻ dự kiến (gồm VAT) 26.990.000 VNĐ.\r\nSamsung Galaxy S22 chính hãng (8GB/256GB) – Giá bán lẻ dự kiến (gồm VAT) 24.490.000 VNĐ. Samsung Galaxy S22 chính hãng (8GB/128GB) – Giá bán lẻ dự kiến (gồm VAT) 22.990.000 VNĐ.\r\nSamsung Galaxy Note 20 chính hãng - Giá bán lẻ (gồm VAT) 23.990.000 đồng.\r\nSamsung Galaxy S20 FE (8GB/256GB) chính hãng - Giá bán lẻ (gồm VAT) 15.490.000 đồng.\r\nSamsung Galaxy S21 5G chính hãng - Giá bán lẻ (gồm VAT) 20.990.000 đồng.\r\nSamsung Galaxy S21+ 5G (phiên bản 8GB/128GB) chính hãng - Giá bán lẻ (gồm VAT) 25.990.000 đồng.\r\nSamsung Galaxy S21+ 5G (phiên bản 8GB/256GB) chính hãng - Giá bán lẻ (gồm VAT) 28.990.000 đồng.\r\nSamsung Galaxy S21 Ultra 5G (12GB/128GB) chính hãng - Giá bán lẻ (gồm VAT) 30.990.000 đồng.\r\nThẻ tín dụng áp dụng: Thẻ tín dụng quốc tế cho khách hàng cá nhân được phát hành tại Việt Nam bởi một trong các ngân hàng Ngân Lượng (Citibank), Vietcombank, HSBC, Shinhanbank, Sacombank, Techcombank, VP Bank, MSB, SeABank, BIDV Bank, VIB, ACB, SHB, SCB, HDbank, Pvcombank (*).\r\n\r\nSố tiền đăng ký trả góp tối thiểu: Từ 5.000.000 đồng.\r\n\r\nSố tiền đăng ký trả góp tối đa: Bằng với số tiền thanh toán khi mua điện thoại Samsung Galaxy thuộc danh sách sản phẩm áp dụng và không được vượt quá giá bán lẻ đã bao gồm VAT của sản phẩm đó. Mỗi thẻ tín dụng không được đăng kí tham gia quá 8 (tám) lần (**) và Samsung sẽ được quyền tự động từ chối cho giao dịch thứ 9 (chín) trên cùng thẻ tín dụng.  \r\n\r\nThời hạn trả góp: 12 tháng và 24 tháng (thời hạn 24 tháng áp dụng cho khách hàng sử dụng thẻ HSBC,  Sacombank, MSB, SHB, BIDV).\r\n\r\n(*) Vào thời điểm thanh toán, số dư hạn mức tiêu dùng trong thẻ tín dụng của chủ thẻ phải còn đủ để thực hiện thành công giao dịch thanh toán mua điện thoại Samsung Galaxy thuộc danh sách sản phẩm áp dụng tại đại lý/ cửa hàng bán lẻ.\r\n\r\nỞ từng thời điểm, sản phẩm áp dụng có thể thay đổi ngân hàng Thẻ tín dụng hỗ trợ. Khách hàng vui lòng liên hệ Tổng đài Samsung hoặc Tổng đài ngân hàng để có thông tin chính xác. \r\n\r\n(**) Trong trường hợp chủ thẻ mua sản phẩm điện thoại trong chương trình này cùng với các sản phẩm hoặc phụ kiện khác thì chủ thẻ phải yêu cầu nhân viên của cửa hàng tách riêng giao dịch quẹt thẻ thanh toán cho điện thoại Samsung Galaxy với các giao dịch thanh toán cho sản phẩm/ phụ kiện khác. Chương trình chỉ yêu cầu tách giao dịch thanh toán khi quẹt thẻ, không cần tách hóa đơn sản phẩm.  \r\n\r\nTrường hợp chủ thẻ không tách riêng giao dịch quẹt thẻ thanh toán cho điện thoại Samsung Galaxy thuộc danh sách áp dụng như quy định thì đăng ký trả góp của chủ thẻ sẽ không được chấp nhận và chủ thẻ sẽ phải thanh toán theo điều khoản và quy định thông thường của ngân hàng phát hành thẻ.  \r\n\r\nQuy trình đăng ký trả góp\r\n\r\nBước 1: Chủ thẻ hoàn tất giao dịch thanh toán mua điện thoại Samsung Galaxy chính hãng trong chương  trình này bằng thẻ tín dụng quốc tế (dành cho cá nhân) được phát hành tại Việt Nam bởi một trong các ngân hàng đối tác bao gồm Ngân Lượng (Citibank), Vietcombank, HSBC, Shinhanbank, Sacombank,  Techcombank, VP Bank, MSB, SeABank, BIDV Bank, VIB, ACB, SHB, SCB, HDbank, Pvcombank (***). \r\n\r\nTrong trường hợp chủ thẻ mua điện thoại cùng với các sản phẩm/phụ kiện khác thì chủ thẻ phải yêu cầu nhân viên của cửa hàng tách riêng giao dịch quẹt thẻ thanh toán cho điện thoại Samsung Galaxy với các giao dịch thanh toán cho sản phẩm/ phụ kiện khác.  \r\n\r\nBước 2: Mở ứng dụng Quà tặng Galaxy trên điện thoại Samsung Galaxy vừa mua. Vào banner chương trình trả góp Galaxy Gift để đăng kí thông tin trên ứng dụng. Hoàn tất các bước theo hướng dẫn trên ứng dụng để đăng ký trả góp 0% cho giao dịch mua điện thoại Samsung Galaxy thuộc danh sách áp dụng chương trình của chủ thẻ, khách hàng lưu ý cần điền thông tin mã chuẩn chi (6 số) vào mẫu đơn đăng ký trên ứng dụng Galaxy Gift (****) (*****).\r\n\r\nRiêng đối với chủ thẻ Ngân Lượng (Citibank), sau khi đăng ký Galaxy Gift, để giao dịch hợp lệ Trả góp, bắt buộc khách hàng cần đăng ký form Citi Paylite của Ngân hàng theo hướng dẫn sau: Chủ thẻ nhắn “0”  gửi 6058 để nhận đường dẫn tới link Đăng Ký Chương Trình Trả Góp 0% Lãi Suất Citi PayLite trực tuyến https://www.citibank.com.vn/Landing_Pages/vietnamese/PayLite/application-form.htm điền thông tin giao dịch và đồng ý với Điều khoản và Điều kiện của chương trình, sau đó bấm \"Gửi  Yêu Cầu\"; Hotline Citibank: 028.3521 1111.\r\n\r\nBước 3: Sau khi đăng ký thành công, hệ thống sẽ gửi thông báo: \"Cảm ơn bạn đã tham gia chương trình. Thông tin của bạn đã được tiếp nhận và đang được xử lý chuyển đổi trả góp. Mọi thắc mắc vui lòng liên hệ tổng đài 1800 588 855 (miễn phí) Hoặc 02873013213 (có tính phí) để được hướng dẫn\".\r\n\r\n(***) Việc đăng ký trả góp 0% trên ứng dụng Quà tặng Galaxy của Samsung phải được thực hiện hoàn tất trong vòng 07 ngày kể từ ngày quẹt thẻ tín dụng thanh toán mua sản phẩm áp dụng, và phải trước ngày sao kê thẻ tín dụng của chủ thẻ. Máy phải được kích hoạt MCS (bảo hành chính hãng) không được quá 7 ngày kể từ ngày giao dịch. Những máy kích hoạt bảo hành MCS trước ngày giao dịch quá 7 ngày cũng sẽ không được tham gia chương trình. Thời hạn bảo hành được xác nhận dựa vào thông tin bảo hành điện tử thông qua ứng dụng CS One tải từ CH Play hoặc App Store; hoặc dựa vào các công cụ kiểm tra thời hạn bảo hành của Samsung; hoặc theo chứng từ mua  hàng đối với các sản phẩm bảo hành toàn cầu. Khách hàng có thể truy cập: https://www.samsung.com/vn/support/mobile-devices/warranty-check/.\r\n\r\nSau khi Chủ thẻ đăng ký chương trình trả góp lãi suất 0%, số tiền này sẽ được chuyển đổi chậm nhất sau 20 ngày làm việc. Trường hợp chủ thẻ nhận được thông báo giao dịch nhưng số tiền chưa chuyển đổi/ chủ thẻ thanh toán dư nợ trước hạn, chủ thẻ vui lòng liên hệ tổng đài 1800 588 855 (miễn phí) Hoặc 02873013213 (có tính phí) để được hướng dẫn. Trường hợp số tiền giao dịch chưa được chuyển đổi trả góp và đã thể hiện trên thông báo giao dịch, thì vui lòng thông báo cho ngân hàng để kiểm tra và xử lý, chậm nhất là 30 ngày kể từ ngày phát sinh giao dịch, sau thời gian này phía ngân hàng và Samsung hoàn toàn miễn trách nhiệm đối với lãi/ phí phát sinh có liên quan (nếu có).\r\n\r\n (*****) Riêng đối với chủ thẻ VP Bank, chương trình trả góp chỉ áp dụng với các loại thẻ tín dụng BIN 8 số thuộc danh sách sau: 52039930, 52039930, 52039967, 52039999, 52397568, 52397579, 52397599, 52439430, 52439466, 52439499, 52439468, 52439469, 51896601, 51896602. Bộ phận 24/7 của VP Bank sẽ gọi cho khách hàng để xác nhận trả góp. Trường hợp không liên lạc được sau 3 lần liên lạc, phía ngân hàng sẽ từ chối chuyển đổi trả góp cho khách hàng.\r\n\r\nBước 4: Samsung và ngân hàng phát hành thẻ sẽ đối chiếu, Samsung kiểm tra thông tin do chủ thẻ cung cấp trên trang web đăng ký trả góp Galaxy Gift và Ngân hàng chuyển đổi trả góp cho các giao dịch hợp lệ của chủ thẻ. \r\n\r\n3. Mọi thắc mắc chi tiết về chương trình, vui lòng liên hệ: Samsung hotline: 1800 588 889 (Miễn Phí)/ 02873013213 (Có Tính Phí).', 21990000, '2022-01-22 15:12:32', '2022-01-23 16:12:32', 'SS'),
(10, 'Điện thoại Samsung Galaxy Note 20', 'https://cdn.tgdd.vn/Products/Images/42/218355/samsung-galaxy-note-20-062220-122200-fix-600x600.jpg', 'Các bạn đã biết gì chưa, đó là Thế Giới Di Động đang triển khai chương trình trả góp 0% qua thẻ tín dụng đấy. Áp dụng cho rất nhiều siêu phẩm của Samsung Galaxy, quá hấp dẫn phải không? Do đó để không bỏ lỡ, hãy cùng mình tìm hiểu chi tiết bên dưới nhé!\r\nChi tiết chương trình\r\nĐịa điểm áp dụng: Tại hệ thống cửa hàng/website Thế Giới Di Động và Điện Máy XANH.\r\n\r\nThời gian áp dụng đăng ký trả góp: 01/10/2021 đến 31/03/2022\r\n\r\nSản phẩm áp dụng: (giá bán lẻ có thể thay đổi theo thời gian)  \r\n\r\nSamsung Galaxy Z Fold2 chính hãng - Giá bán lẻ (gồm VAT) 50.000.000 đồng.\r\nSamsung Galaxy Z Fold3 5G (12GB/256GB) chính hãng - Giá bán lẻ dự kiến (gồm VAT) 41.990.000 đồng.\r\nSamsung Galaxy Z Fold3 5G (12GB/512GB) chính hãng - Giá bán lẻ dự kiến (gồm VAT) 44.990.000 đồng.\r\nSamsung Galaxy Z Flip3 5G (8GB/256GB) chính hãng - Giá bán lẻ dự kiến (gồm VAT) 26.990.000 đồng.\r\nSamsung Galaxy Z Flip3 5G (8GB/128GB) chính hãng - Giá bán lẻ dự kiến (gồm VAT) 24.990.000 đồng.\r\nSamsung Galaxy S22 Ultra chính hãng (12GB/512GB) – Giá bán lẻ dự kiến (gồm VAT) 37.990.000 VNĐ.\r\nSamsung Galaxy S22 Ultra chính hãng (12GB/256GB) – Giá bán lẻ dự kiến (gồm VAT) 34.990.000 VNĐ.\r\nSamsung Galaxy S22 Ultra chính hãng (8GB/128GB) – Giá bán lẻ dự kiến (gồm VAT) 31.990.000 VNĐ.\r\nSamsung Galaxy S22+ chính hãng (8GB/256GB) – Giá bán lẻ dự kiến (gồm VAT) 28.490.000 VNĐ.\r\nSamsung Galaxy S22+ chính hãng (8GB/128GB) – Giá bán lẻ dự kiến (gồm VAT) 26.990.000 VNĐ.\r\nSamsung Galaxy S22 chính hãng (8GB/256GB) – Giá bán lẻ dự kiến (gồm VAT) 24.490.000 VNĐ. Samsung Galaxy S22 chính hãng (8GB/128GB) – Giá bán lẻ dự kiến (gồm VAT) 22.990.000 VNĐ.\r\nSamsung Galaxy Note 20 chính hãng - Giá bán lẻ (gồm VAT) 23.990.000 đồng.\r\nSamsung Galaxy S20 FE (8GB/256GB) chính hãng - Giá bán lẻ (gồm VAT) 15.490.000 đồng.\r\nSamsung Galaxy S21 5G chính hãng - Giá bán lẻ (gồm VAT) 20.990.000 đồng.\r\nSamsung Galaxy S21+ 5G (phiên bản 8GB/128GB) chính hãng - Giá bán lẻ (gồm VAT) 25.990.000 đồng.\r\nSamsung Galaxy S21+ 5G (phiên bản 8GB/256GB) chính hãng - Giá bán lẻ (gồm VAT) 28.990.000 đồng.\r\nSamsung Galaxy S21 Ultra 5G (12GB/128GB) chính hãng - Giá bán lẻ (gồm VAT) 30.990.000 đồng.\r\nThẻ tín dụng áp dụng: Thẻ tín dụng quốc tế cho khách hàng cá nhân được phát hành tại Việt Nam bởi một trong các ngân hàng Ngân Lượng (Citibank), Vietcombank, HSBC, Shinhanbank, Sacombank, Techcombank, VP Bank, MSB, SeABank, BIDV Bank, VIB, ACB, SHB, SCB, HDbank, Pvcombank (*).\r\n\r\nSố tiền đăng ký trả góp tối thiểu: Từ 5.000.000 đồng.\r\n\r\nSố tiền đăng ký trả góp tối đa: Bằng với số tiền thanh toán khi mua điện thoại Samsung Galaxy thuộc danh sách sản phẩm áp dụng và không được vượt quá giá bán lẻ đã bao gồm VAT của sản phẩm đó. Mỗi thẻ tín dụng không được đăng kí tham gia quá 8 (tám) lần (**) và Samsung sẽ được quyền tự động từ chối cho giao dịch thứ 9 (chín) trên cùng thẻ tín dụng.  \r\n\r\nThời hạn trả góp: 12 tháng và 24 tháng (thời hạn 24 tháng áp dụng cho khách hàng sử dụng thẻ HSBC,  Sacombank, MSB, SHB, BIDV).\r\n\r\n(*) Vào thời điểm thanh toán, số dư hạn mức tiêu dùng trong thẻ tín dụng của chủ thẻ phải còn đủ để thực hiện thành công giao dịch thanh toán mua điện thoại Samsung Galaxy thuộc danh sách sản phẩm áp dụng tại đại lý/ cửa hàng bán lẻ.\r\n\r\nỞ từng thời điểm, sản phẩm áp dụng có thể thay đổi ngân hàng Thẻ tín dụng hỗ trợ. Khách hàng vui lòng liên hệ Tổng đài Samsung hoặc Tổng đài ngân hàng để có thông tin chính xác. \r\n\r\n(**) Trong trường hợp chủ thẻ mua sản phẩm điện thoại trong chương trình này cùng với các sản phẩm hoặc phụ kiện khác thì chủ thẻ phải yêu cầu nhân viên của cửa hàng tách riêng giao dịch quẹt thẻ thanh toán cho điện thoại Samsung Galaxy với các giao dịch thanh toán cho sản phẩm/ phụ kiện khác. Chương trình chỉ yêu cầu tách giao dịch thanh toán khi quẹt thẻ, không cần tách hóa đơn sản phẩm.  \r\n\r\nTrường hợp chủ thẻ không tách riêng giao dịch quẹt thẻ thanh toán cho điện thoại Samsung Galaxy thuộc danh sách áp dụng như quy định thì đăng ký trả góp của chủ thẻ sẽ không được chấp nhận và chủ thẻ sẽ phải thanh toán theo điều khoản và quy định thông thường của ngân hàng phát hành thẻ.  \r\n\r\nQuy trình đăng ký trả góp\r\n\r\nBước 1: Chủ thẻ hoàn tất giao dịch thanh toán mua điện thoại Samsung Galaxy chính hãng trong chương  trình này bằng thẻ tín dụng quốc tế (dành cho cá nhân) được phát hành tại Việt Nam bởi một trong các ngân hàng đối tác bao gồm Ngân Lượng (Citibank), Vietcombank, HSBC, Shinhanbank, Sacombank,  Techcombank, VP Bank, MSB, SeABank, BIDV Bank, VIB, ACB, SHB, SCB, HDbank, Pvcombank (***). \r\n\r\nTrong trường hợp chủ thẻ mua điện thoại cùng với các sản phẩm/phụ kiện khác thì chủ thẻ phải yêu cầu nhân viên của cửa hàng tách riêng giao dịch quẹt thẻ thanh toán cho điện thoại Samsung Galaxy với các giao dịch thanh toán cho sản phẩm/ phụ kiện khác.  \r\n\r\nBước 2: Mở ứng dụng Quà tặng Galaxy trên điện thoại Samsung Galaxy vừa mua. Vào banner chương trình trả góp Galaxy Gift để đăng kí thông tin trên ứng dụng. Hoàn tất các bước theo hướng dẫn trên ứng dụng để đăng ký trả góp 0% cho giao dịch mua điện thoại Samsung Galaxy thuộc danh sách áp dụng chương trình của chủ thẻ, khách hàng lưu ý cần điền thông tin mã chuẩn chi (6 số) vào mẫu đơn đăng ký trên ứng dụng Galaxy Gift (****) (*****).\r\n\r\nRiêng đối với chủ thẻ Ngân Lượng (Citibank), sau khi đăng ký Galaxy Gift, để giao dịch hợp lệ Trả góp, bắt buộc khách hàng cần đăng ký form Citi Paylite của Ngân hàng theo hướng dẫn sau: Chủ thẻ nhắn “0”  gửi 6058 để nhận đường dẫn tới link Đăng Ký Chương Trình Trả Góp 0% Lãi Suất Citi PayLite trực tuyến https://www.citibank.com.vn/Landing_Pages/vietnamese/PayLite/application-form.htm điền thông tin giao dịch và đồng ý với Điều khoản và Điều kiện của chương trình, sau đó bấm \"Gửi  Yêu Cầu\"; Hotline Citibank: 028.3521 1111.\r\n\r\nBước 3: Sau khi đăng ký thành công, hệ thống sẽ gửi thông báo: \"Cảm ơn bạn đã tham gia chương trình. Thông tin của bạn đã được tiếp nhận và đang được xử lý chuyển đổi trả góp. Mọi thắc mắc vui lòng liên hệ tổng đài 1800 588 855 (miễn phí) Hoặc 02873013213 (có tính phí) để được hướng dẫn\".\r\n\r\n(***) Việc đăng ký trả góp 0% trên ứng dụng Quà tặng Galaxy của Samsung phải được thực hiện hoàn tất trong vòng 07 ngày kể từ ngày quẹt thẻ tín dụng thanh toán mua sản phẩm áp dụng, và phải trước ngày sao kê thẻ tín dụng của chủ thẻ. Máy phải được kích hoạt MCS (bảo hành chính hãng) không được quá 7 ngày kể từ ngày giao dịch. Những máy kích hoạt bảo hành MCS trước ngày giao dịch quá 7 ngày cũng sẽ không được tham gia chương trình. Thời hạn bảo hành được xác nhận dựa vào thông tin bảo hành điện tử thông qua ứng dụng CS One tải từ CH Play hoặc App Store; hoặc dựa vào các công cụ kiểm tra thời hạn bảo hành của Samsung; hoặc theo chứng từ mua  hàng đối với các sản phẩm bảo hành toàn cầu. Khách hàng có thể truy cập: https://www.samsung.com/vn/support/mobile-devices/warranty-check/.\r\n\r\nSau khi Chủ thẻ đăng ký chương trình trả góp lãi suất 0%, số tiền này sẽ được chuyển đổi chậm nhất sau 20 ngày làm việc. Trường hợp chủ thẻ nhận được thông báo giao dịch nhưng số tiền chưa chuyển đổi/ chủ thẻ thanh toán dư nợ trước hạn, chủ thẻ vui lòng liên hệ tổng đài 1800 588 855 (miễn phí) Hoặc 02873013213 (có tính phí) để được hướng dẫn. Trường hợp số tiền giao dịch chưa được chuyển đổi trả góp và đã thể hiện trên thông báo giao dịch, thì vui lòng thông báo cho ngân hàng để kiểm tra và xử lý, chậm nhất là 30 ngày kể từ ngày phát sinh giao dịch, sau thời gian này phía ngân hàng và Samsung hoàn toàn miễn trách nhiệm đối với lãi/ phí phát sinh có liên quan (nếu có).\r\n\r\n (*****) Riêng đối với chủ thẻ VP Bank, chương trình trả góp chỉ áp dụng với các loại thẻ tín dụng BIN 8 số thuộc danh sách sau: 52039930, 52039930, 52039967, 52039999, 52397568, 52397579, 52397599, 52439430, 52439466, 52439499, 52439468, 52439469, 51896601, 51896602. Bộ phận 24/7 của VP Bank sẽ gọi cho khách hàng để xác nhận trả góp. Trường hợp không liên lạc được sau 3 lần liên lạc, phía ngân hàng sẽ từ chối chuyển đổi trả góp cho khách hàng.\r\n\r\nBước 4: Samsung và ngân hàng phát hành thẻ sẽ đối chiếu, Samsung kiểm tra thông tin do chủ thẻ cung cấp trên trang web đăng ký trả góp Galaxy Gift và Ngân hàng chuyển đổi trả góp cho các giao dịch hợp lệ của chủ thẻ. \r\n\r\n3. Mọi thắc mắc chi tiết về chương trình, vui lòng liên hệ: Samsung hotline: 1800 588 889 (Miễn Phí)/ 02873013213 (Có Tính Phí).', 15599000, '2022-01-25 00:00:00', '2022-01-26 00:00:00', 'SS'),
(11, 'Điện thoại OPPO Reno6 5G', 'https://cdn.tgdd.vn/Products/Images/42/236186/oppo-reno6-5g-black-600x600.jpg', 'Chào tháng 12 tới với những niềm vui mới, Thế Giới Di Động mang đến khuyến mãi giảm 3% tối đa 100K khi thanh toán qua VNPAY QR. Tiện lợi và tiết kiệm, đó là những điều bạn sẽ có được khi không bỏ qua chương trình hấp dẫn này.\r\nĐể biết thêm chi tiết, hãy cùng lướt xuống bên dưới để tham khảo.\r\n\r\nThông tin chương trình\r\nThời gian diễn ra:\r\n\r\nGiai đoạn 1: 01/09/2021 - 30/09/2021.\r\n\r\nGiai đoạn 2: 01/10/2021 - 31/10/2021.\r\n\r\nGiai đoạn 3: 01/11/2021 - 31/11/2021.\r\n\r\nGiai đoạn 4: 01/12/2021 - 31/12/2021.\r\n\r\nGiai đoạn 5: 01/01/2022 - 31/01/2022.\r\n\r\nGiai đoạn 5: 01/02/2022 - 28/02/2022.\r\n\r\nGiai đoạn 5: 01/03/2022 - 31/03/2022.\r\n\r\nSản phẩm áp dụng: Tất cả sản phẩm (trừ các sản phẩm iPhone, Laptop, Sim số thẻ cào, Dịch vụ tiện ích).\r\n\r\nKhách hàng khi thanh toán nhập mã: Để được nhận ưu đãi, nhập mã DMX100.\r\n\r\nCác ngân hàng được áp dụng KM: Vietcombank, BIDV, VietinBank, Agribank, Nam A Bank, Eximbank, SCB, HDBank, ABBank, Vietbank, BIDC, SAIGONBANK, OceanBank, Kienlongbank, Bảo Việt Bank, Việt Á Bank và ví điện tử VNPAY\r\n\r\nSau đây là các bước mua hàng bằng cách quét mã VNPAY QR trên Thế Giới Di Động khi mua một đơn hàng nào đó:\r\n\r\nBước 1: Truy cập vào trang chủ của Thế Giới Di Động/Điện Máy xanh và mua một sản phẩm bất kì. Chọn mục MUA NGAY.\r\n\r\nBước 2: Giao diện sẽ hiện ra như hình, bạn điền thông tin cá nhân chính xác để đặt hàng. Sau đó bạn hãy chọn mục ĐẶT HÀNG.\r\n\r\nBước 3: Sẽ hiển thị thông tin đặt hàng thành công và chọn hình thức Thanh toán qua QR Code.\r\n\r\nBước 4: Giao diện quét mã sẽ hiện ra như hình.\r\n\r\nBước 5: Việc cần làm chỉ là chọn một trong các ngân hàng ở trên (đã cài sẵn ứng dụng ngân hàng đó) rồi hệ thống sẽ nhanh chóng hiển thị các thông tin tương ứng của giao dịch để bạn xác nhận và hoàn tất thủ tục thanh toán.\r\n\r\nLưu ý nhập mã DMX100 để được hưởng ưu đãi.\r\n\r\nLưu ý quan trọng:\r\n\r\nSố lần khuyến mãi: Mỗi khách hàng (tương ứng với mỗi số tài khoản ngân hàng và/hoặc số điện thoại đăng ký dịch vụ Mobile Banking) được khuyến mãi 01 (một lần)/giai đoạn.\r\nKhông áp dụng chung với các chương trình khuyến mãi VNPAY QR khác.\r\nKhông tách hóa đơn.\r\nChỉ áp dụng cho khách hàng lẻ, không áp dụng khách hàng mua buôn.\r\nNgoài ra, nếu như khách hàng đặt hàng trên smartphone bị lỗi thì tham khảo những cách làm sau để có thể nhận được ưu đãi: Với hệ điều hành iOS (iPhone, iPad), cần dùng trình duyệt Safari để đặt hàng.\r\n\r\nCần phải cài sẵn App của Ngân hàng đang dùng để tiến hành thanh toán.\r\nTrong một số trường hợp đã làm theo mục 1 và 2 nhưng vẫn lỗi, bạn thử sử dụng máy tính hoặc dùng điện thoại khác để thanh toán nhé!\r\nVậy còn chần chờ gì, nhanh chóng note lại để mua sắm thôi nào.', 12990000, '2022-01-26 15:12:32', '2022-01-27 15:12:32', 'OP');
INSERT INTO `products` (`id`, `title`, `thumbnail`, `content`, `price`, `created_at`, `updated_at`, `type`) VALUES
(12, 'Điện thoại OPPO Reno5 5G', 'https://cdn.tgdd.vn/Products/Images/42/233460/oppo-reno5-5g-thumb-600x600.jpg', 'Chào tháng 12 tới với những niềm vui mới, Thế Giới Di Động mang đến khuyến mãi giảm 3% tối đa 100K khi thanh toán qua VNPAY QR. Tiện lợi và tiết kiệm, đó là những điều bạn sẽ có được khi không bỏ qua chương trình hấp dẫn này.\r\nĐể biết thêm chi tiết, hãy cùng lướt xuống bên dưới để tham khảo.\r\n\r\nThông tin chương trình\r\nThời gian diễn ra:\r\n\r\nGiai đoạn 1: 01/09/2021 - 30/09/2021.\r\n\r\nGiai đoạn 2: 01/10/2021 - 31/10/2021.\r\n\r\nGiai đoạn 3: 01/11/2021 - 31/11/2021.\r\n\r\nGiai đoạn 4: 01/12/2021 - 31/12/2021.\r\n\r\nGiai đoạn 5: 01/01/2022 - 31/01/2022.\r\n\r\nGiai đoạn 5: 01/02/2022 - 28/02/2022.\r\n\r\nGiai đoạn 5: 01/03/2022 - 31/03/2022.\r\n\r\nSản phẩm áp dụng: Tất cả sản phẩm (trừ các sản phẩm iPhone, Laptop, Sim số thẻ cào, Dịch vụ tiện ích).\r\n\r\nKhách hàng khi thanh toán nhập mã: Để được nhận ưu đãi, nhập mã DMX100.\r\n\r\nCác ngân hàng được áp dụng KM: Vietcombank, BIDV, VietinBank, Agribank, Nam A Bank, Eximbank, SCB, HDBank, ABBank, Vietbank, BIDC, SAIGONBANK, OceanBank, Kienlongbank, Bảo Việt Bank, Việt Á Bank và ví điện tử VNPAY\r\n\r\nSau đây là các bước mua hàng bằng cách quét mã VNPAY QR trên Thế Giới Di Động khi mua một đơn hàng nào đó:\r\n\r\nBước 1: Truy cập vào trang chủ của Thế Giới Di Động/Điện Máy xanh và mua một sản phẩm bất kì. Chọn mục MUA NGAY.\r\n\r\nBước 2: Giao diện sẽ hiện ra như hình, bạn điền thông tin cá nhân chính xác để đặt hàng. Sau đó bạn hãy chọn mục ĐẶT HÀNG.\r\n\r\nBước 3: Sẽ hiển thị thông tin đặt hàng thành công và chọn hình thức Thanh toán qua QR Code.\r\n\r\nBước 4: Giao diện quét mã sẽ hiện ra như hình.\r\n\r\nBước 5: Việc cần làm chỉ là chọn một trong các ngân hàng ở trên (đã cài sẵn ứng dụng ngân hàng đó) rồi hệ thống sẽ nhanh chóng hiển thị các thông tin tương ứng của giao dịch để bạn xác nhận và hoàn tất thủ tục thanh toán.\r\n\r\nLưu ý nhập mã DMX100 để được hưởng ưu đãi.\r\n\r\nLưu ý quan trọng:\r\n\r\nSố lần khuyến mãi: Mỗi khách hàng (tương ứng với mỗi số tài khoản ngân hàng và/hoặc số điện thoại đăng ký dịch vụ Mobile Banking) được khuyến mãi 01 (một lần)/giai đoạn.\r\nKhông áp dụng chung với các chương trình khuyến mãi VNPAY QR khác.\r\nKhông tách hóa đơn.\r\nChỉ áp dụng cho khách hàng lẻ, không áp dụng khách hàng mua buôn.\r\nNgoài ra, nếu như khách hàng đặt hàng trên smartphone bị lỗi thì tham khảo những cách làm sau để có thể nhận được ưu đãi: Với hệ điều hành iOS (iPhone, iPad), cần dùng trình duyệt Safari để đặt hàng.\r\n\r\nCần phải cài sẵn App của Ngân hàng đang dùng để tiến hành thanh toán.\r\nTrong một số trường hợp đã làm theo mục 1 và 2 nhưng vẫn lỗi, bạn thử sử dụng máy tính hoặc dùng điện thoại khác để thanh toán nhé!\r\nVậy còn chần chờ gì, nhanh chóng note lại để mua sắm thôi nào.', 8990000, '2022-01-28 00:00:00', '2022-01-29 00:00:00', 'OP'),
(13, 'Điện thoại iPhone 11 64GB', 'https://cdn.tgdd.vn/Products/Images/42/153856/iphone-xi-do-600x600.jpg', 'Tháng 3 này, mua hàng tại Thế Giới Di Động giá đã tốt nay còn tiết kiệm hơn hơn với ưu đãi giảm sốc 5% tối đa đến 500.000 đồng khi thanh toán qua Moca. Nếu muốn biết cách thức nhận ưu đãi này hãy đọc hết bài viết này bạn nhé. Nào đi thôi!\r\nThời gian áp dụng\r\nTừ 4/3/2021 - 11/3/2021 (có thể kết thúc sớm hơn dự kiến nếu hết ngân sách).\r\n\r\nĐiều kiện áp dụng\r\nÁp dụng cho tất cả sản phẩm có giá thanh toán cuối cùng từ 500.000đ trở lên (Trừ sim số, thẻ cào, tiện ích).\r\nKH nhập mã WOMANDAY để được giảm 5% tối đa 500K cho bill từ 500K.\r\nChỉ áp dụng 1.000 suất KH đầu tiên thanh toán thành công (Không hoàn hủy).\r\nKhách hàng phải dùng Ví Moca trên ứng dụng Grab để thanh toán online tại website: dienmayxanh.com, thegioididong.com, topzone.vn.\r\n\r\nLưu ý quan trọng\r\nPhải cài đặt sẵn App Grab.\r\nƯu đãi chỉ áp dụng trên phiên bản ứng dụng Grab mới nhất.\r\nMỗi chủ thẻ được 1 lần khuyến mãi /chương trình.\r\nKhông tách hóa đơn.\r\nChỉ áp dụng cho khách hàng lẻ, không áp dụng khách hàng mua buôn.', 16990000, '2022-01-20 15:12:32', '2022-01-20 16:12:32', 'IP'),
(14, 'Điện thoại iPhone 12 mini 128GB', 'https://cdn.tgdd.vn/Products/Images/42/228741/iphone-12-mini-trang-600x600.jpg', 'Tháng 3 này, mua hàng tại Thế Giới Di Động giá đã tốt nay còn tiết kiệm hơn hơn với ưu đãi giảm sốc 5% tối đa đến 500.000 đồng khi thanh toán qua Moca. Nếu muốn biết cách thức nhận ưu đãi này hãy đọc hết bài viết này bạn nhé. Nào đi thôi!\r\nThời gian áp dụng\r\nTừ 4/3/2021 - 11/3/2021 (có thể kết thúc sớm hơn dự kiến nếu hết ngân sách).\r\n\r\nĐiều kiện áp dụng\r\nÁp dụng cho tất cả sản phẩm có giá thanh toán cuối cùng từ 500.000đ trở lên (Trừ sim số, thẻ cào, tiện ích).\r\nKH nhập mã WOMANDAY để được giảm 5% tối đa 500K cho bill từ 500K.\r\nChỉ áp dụng 1.000 suất KH đầu tiên thanh toán thành công (Không hoàn hủy).\r\nKhách hàng phải dùng Ví Moca trên ứng dụng Grab để thanh toán online tại website: dienmayxanh.com, thegioididong.com, topzone.vn.\r\n\r\nLưu ý quan trọng\r\nPhải cài đặt sẵn App Grab.\r\nƯu đãi chỉ áp dụng trên phiên bản ứng dụng Grab mới nhất.\r\nMỗi chủ thẻ được 1 lần khuyến mãi /chương trình.\r\nKhông tách hóa đơn.\r\nChỉ áp dụng cho khách hàng lẻ, không áp dụng khách hàng mua buôn.', 16990000, '2022-01-20 00:00:00', '2022-01-21 00:00:00', 'IP'),
(15, 'Điện thoại Samsung Galaxy S22 5G 128GB', 'https://cdn.tgdd.vn/Products/Images/42/231110/Galaxy-S22-Black-600x600.jpg', 'Các bạn đã biết gì chưa, đó là Thế Giới Di Động đang triển khai chương trình trả góp 0% qua thẻ tín dụng đấy. Áp dụng cho rất nhiều siêu phẩm của Samsung Galaxy, quá hấp dẫn phải không? Do đó để không bỏ lỡ, hãy cùng mình tìm hiểu chi tiết bên dưới nhé!\r\nChi tiết chương trình\r\nĐịa điểm áp dụng: Tại hệ thống cửa hàng/website Thế Giới Di Động và Điện Máy XANH.\r\n\r\nThời gian áp dụng đăng ký trả góp: 01/10/2021 đến 31/03/2022\r\n\r\nSản phẩm áp dụng: (giá bán lẻ có thể thay đổi theo thời gian)  \r\n\r\nSamsung Galaxy Z Fold2 chính hãng - Giá bán lẻ (gồm VAT) 50.000.000 đồng.\r\nSamsung Galaxy Z Fold3 5G (12GB/256GB) chính hãng - Giá bán lẻ dự kiến (gồm VAT) 41.990.000 đồng.\r\nSamsung Galaxy Z Fold3 5G (12GB/512GB) chính hãng - Giá bán lẻ dự kiến (gồm VAT) 44.990.000 đồng.\r\nSamsung Galaxy Z Flip3 5G (8GB/256GB) chính hãng - Giá bán lẻ dự kiến (gồm VAT) 26.990.000 đồng.\r\nSamsung Galaxy Z Flip3 5G (8GB/128GB) chính hãng - Giá bán lẻ dự kiến (gồm VAT) 24.990.000 đồng.\r\nSamsung Galaxy S22 Ultra chính hãng (12GB/512GB) – Giá bán lẻ dự kiến (gồm VAT) 37.990.000 VNĐ.\r\nSamsung Galaxy S22 Ultra chính hãng (12GB/256GB) – Giá bán lẻ dự kiến (gồm VAT) 34.990.000 VNĐ.\r\nSamsung Galaxy S22 Ultra chính hãng (8GB/128GB) – Giá bán lẻ dự kiến (gồm VAT) 31.990.000 VNĐ.\r\nSamsung Galaxy S22+ chính hãng (8GB/256GB) – Giá bán lẻ dự kiến (gồm VAT) 28.490.000 VNĐ.\r\nSamsung Galaxy S22+ chính hãng (8GB/128GB) – Giá bán lẻ dự kiến (gồm VAT) 26.990.000 VNĐ.\r\nSamsung Galaxy S22 chính hãng (8GB/256GB) – Giá bán lẻ dự kiến (gồm VAT) 24.490.000 VNĐ. Samsung Galaxy S22 chính hãng (8GB/128GB) – Giá bán lẻ dự kiến (gồm VAT) 22.990.000 VNĐ.\r\nSamsung Galaxy Note 20 chính hãng - Giá bán lẻ (gồm VAT) 23.990.000 đồng.\r\nSamsung Galaxy S20 FE (8GB/256GB) chính hãng - Giá bán lẻ (gồm VAT) 15.490.000 đồng.\r\nSamsung Galaxy S21 5G chính hãng - Giá bán lẻ (gồm VAT) 20.990.000 đồng.\r\nSamsung Galaxy S21+ 5G (phiên bản 8GB/128GB) chính hãng - Giá bán lẻ (gồm VAT) 25.990.000 đồng.\r\nSamsung Galaxy S21+ 5G (phiên bản 8GB/256GB) chính hãng - Giá bán lẻ (gồm VAT) 28.990.000 đồng.\r\nSamsung Galaxy S21 Ultra 5G (12GB/128GB) chính hãng - Giá bán lẻ (gồm VAT) 30.990.000 đồng.\r\nThẻ tín dụng áp dụng: Thẻ tín dụng quốc tế cho khách hàng cá nhân được phát hành tại Việt Nam bởi một trong các ngân hàng Ngân Lượng (Citibank), Vietcombank, HSBC, Shinhanbank, Sacombank, Techcombank, VP Bank, MSB, SeABank, BIDV Bank, VIB, ACB, SHB, SCB, HDbank, Pvcombank (*).\r\n\r\nSố tiền đăng ký trả góp tối thiểu: Từ 5.000.000 đồng.\r\n\r\nSố tiền đăng ký trả góp tối đa: Bằng với số tiền thanh toán khi mua điện thoại Samsung Galaxy thuộc danh sách sản phẩm áp dụng và không được vượt quá giá bán lẻ đã bao gồm VAT của sản phẩm đó. Mỗi thẻ tín dụng không được đăng kí tham gia quá 8 (tám) lần (**) và Samsung sẽ được quyền tự động từ chối cho giao dịch thứ 9 (chín) trên cùng thẻ tín dụng.  \r\n\r\nThời hạn trả góp: 12 tháng và 24 tháng (thời hạn 24 tháng áp dụng cho khách hàng sử dụng thẻ HSBC,  Sacombank, MSB, SHB, BIDV).\r\n\r\n(*) Vào thời điểm thanh toán, số dư hạn mức tiêu dùng trong thẻ tín dụng của chủ thẻ phải còn đủ để thực hiện thành công giao dịch thanh toán mua điện thoại Samsung Galaxy thuộc danh sách sản phẩm áp dụng tại đại lý/ cửa hàng bán lẻ.\r\n\r\nỞ từng thời điểm, sản phẩm áp dụng có thể thay đổi ngân hàng Thẻ tín dụng hỗ trợ. Khách hàng vui lòng liên hệ Tổng đài Samsung hoặc Tổng đài ngân hàng để có thông tin chính xác. \r\n\r\n(**) Trong trường hợp chủ thẻ mua sản phẩm điện thoại trong chương trình này cùng với các sản phẩm hoặc phụ kiện khác thì chủ thẻ phải yêu cầu nhân viên của cửa hàng tách riêng giao dịch quẹt thẻ thanh toán cho điện thoại Samsung Galaxy với các giao dịch thanh toán cho sản phẩm/ phụ kiện khác. Chương trình chỉ yêu cầu tách giao dịch thanh toán khi quẹt thẻ, không cần tách hóa đơn sản phẩm.  \r\n\r\nTrường hợp chủ thẻ không tách riêng giao dịch quẹt thẻ thanh toán cho điện thoại Samsung Galaxy thuộc danh sách áp dụng như quy định thì đăng ký trả góp của chủ thẻ sẽ không được chấp nhận và chủ thẻ sẽ phải thanh toán theo điều khoản và quy định thông thường của ngân hàng phát hành thẻ.  \r\n\r\nQuy trình đăng ký trả góp\r\n\r\nBước 1: Chủ thẻ hoàn tất giao dịch thanh toán mua điện thoại Samsung Galaxy chính hãng trong chương  trình này bằng thẻ tín dụng quốc tế (dành cho cá nhân) được phát hành tại Việt Nam bởi một trong các ngân hàng đối tác bao gồm Ngân Lượng (Citibank), Vietcombank, HSBC, Shinhanbank, Sacombank,  Techcombank, VP Bank, MSB, SeABank, BIDV Bank, VIB, ACB, SHB, SCB, HDbank, Pvcombank (***). \r\n\r\nTrong trường hợp chủ thẻ mua điện thoại cùng với các sản phẩm/phụ kiện khác thì chủ thẻ phải yêu cầu nhân viên của cửa hàng tách riêng giao dịch quẹt thẻ thanh toán cho điện thoại Samsung Galaxy với các giao dịch thanh toán cho sản phẩm/ phụ kiện khác.  \r\n\r\nBước 2: Mở ứng dụng Quà tặng Galaxy trên điện thoại Samsung Galaxy vừa mua. Vào banner chương trình trả góp Galaxy Gift để đăng kí thông tin trên ứng dụng. Hoàn tất các bước theo hướng dẫn trên ứng dụng để đăng ký trả góp 0% cho giao dịch mua điện thoại Samsung Galaxy thuộc danh sách áp dụng chương trình của chủ thẻ, khách hàng lưu ý cần điền thông tin mã chuẩn chi (6 số) vào mẫu đơn đăng ký trên ứng dụng Galaxy Gift (****) (*****).\r\n\r\nRiêng đối với chủ thẻ Ngân Lượng (Citibank), sau khi đăng ký Galaxy Gift, để giao dịch hợp lệ Trả góp, bắt buộc khách hàng cần đăng ký form Citi Paylite của Ngân hàng theo hướng dẫn sau: Chủ thẻ nhắn “0”  gửi 6058 để nhận đường dẫn tới link Đăng Ký Chương Trình Trả Góp 0% Lãi Suất Citi PayLite trực tuyến https://www.citibank.com.vn/Landing_Pages/vietnamese/PayLite/application-form.htm điền thông tin giao dịch và đồng ý với Điều khoản và Điều kiện của chương trình, sau đó bấm \"Gửi  Yêu Cầu\"; Hotline Citibank: 028.3521 1111.\r\n\r\nBước 3: Sau khi đăng ký thành công, hệ thống sẽ gửi thông báo: \"Cảm ơn bạn đã tham gia chương trình. Thông tin của bạn đã được tiếp nhận và đang được xử lý chuyển đổi trả góp. Mọi thắc mắc vui lòng liên hệ tổng đài 1800 588 855 (miễn phí) Hoặc 02873013213 (có tính phí) để được hướng dẫn\".\r\n\r\n(***) Việc đăng ký trả góp 0% trên ứng dụng Quà tặng Galaxy của Samsung phải được thực hiện hoàn tất trong vòng 07 ngày kể từ ngày quẹt thẻ tín dụng thanh toán mua sản phẩm áp dụng, và phải trước ngày sao kê thẻ tín dụng của chủ thẻ. Máy phải được kích hoạt MCS (bảo hành chính hãng) không được quá 7 ngày kể từ ngày giao dịch. Những máy kích hoạt bảo hành MCS trước ngày giao dịch quá 7 ngày cũng sẽ không được tham gia chương trình. Thời hạn bảo hành được xác nhận dựa vào thông tin bảo hành điện tử thông qua ứng dụng CS One tải từ CH Play hoặc App Store; hoặc dựa vào các công cụ kiểm tra thời hạn bảo hành của Samsung; hoặc theo chứng từ mua  hàng đối với các sản phẩm bảo hành toàn cầu. Khách hàng có thể truy cập: https://www.samsung.com/vn/support/mobile-devices/warranty-check/.\r\n\r\nSau khi Chủ thẻ đăng ký chương trình trả góp lãi suất 0%, số tiền này sẽ được chuyển đổi chậm nhất sau 20 ngày làm việc. Trường hợp chủ thẻ nhận được thông báo giao dịch nhưng số tiền chưa chuyển đổi/ chủ thẻ thanh toán dư nợ trước hạn, chủ thẻ vui lòng liên hệ tổng đài 1800 588 855 (miễn phí) Hoặc 02873013213 (có tính phí) để được hướng dẫn. Trường hợp số tiền giao dịch chưa được chuyển đổi trả góp và đã thể hiện trên thông báo giao dịch, thì vui lòng thông báo cho ngân hàng để kiểm tra và xử lý, chậm nhất là 30 ngày kể từ ngày phát sinh giao dịch, sau thời gian này phía ngân hàng và Samsung hoàn toàn miễn trách nhiệm đối với lãi/ phí phát sinh có liên quan (nếu có).\r\n\r\n (*****) Riêng đối với chủ thẻ VP Bank, chương trình trả góp chỉ áp dụng với các loại thẻ tín dụng BIN 8 số thuộc danh sách sau: 52039930, 52039930, 52039967, 52039999, 52397568, 52397579, 52397599, 52439430, 52439466, 52439499, 52439468, 52439469, 51896601, 51896602. Bộ phận 24/7 của VP Bank sẽ gọi cho khách hàng để xác nhận trả góp. Trường hợp không liên lạc được sau 3 lần liên lạc, phía ngân hàng sẽ từ chối chuyển đổi trả góp cho khách hàng.\r\n\r\nBước 4: Samsung và ngân hàng phát hành thẻ sẽ đối chiếu, Samsung kiểm tra thông tin do chủ thẻ cung cấp trên trang web đăng ký trả góp Galaxy Gift và Ngân hàng chuyển đổi trả góp cho các giao dịch hợp lệ của chủ thẻ. \r\n\r\n3. Mọi thắc mắc chi tiết về chương trình, vui lòng liên hệ: Samsung hotline: 1800 588 889 (Miễn Phí)/ 02873013213 (Có Tính Phí).', 21990000, '2022-01-22 15:12:32', '2022-01-23 16:12:32', 'SS'),
(16, 'Điện thoại Samsung Galaxy Note 20', 'https://cdn.tgdd.vn/Products/Images/42/218355/samsung-galaxy-note-20-062220-122200-fix-600x600.jpg', 'Các bạn đã biết gì chưa, đó là Thế Giới Di Động đang triển khai chương trình trả góp 0% qua thẻ tín dụng đấy. Áp dụng cho rất nhiều siêu phẩm của Samsung Galaxy, quá hấp dẫn phải không? Do đó để không bỏ lỡ, hãy cùng mình tìm hiểu chi tiết bên dưới nhé!\r\nChi tiết chương trình\r\nĐịa điểm áp dụng: Tại hệ thống cửa hàng/website Thế Giới Di Động và Điện Máy XANH.\r\n\r\nThời gian áp dụng đăng ký trả góp: 01/10/2021 đến 31/03/2022\r\n\r\nSản phẩm áp dụng: (giá bán lẻ có thể thay đổi theo thời gian)  \r\n\r\nSamsung Galaxy Z Fold2 chính hãng - Giá bán lẻ (gồm VAT) 50.000.000 đồng.\r\nSamsung Galaxy Z Fold3 5G (12GB/256GB) chính hãng - Giá bán lẻ dự kiến (gồm VAT) 41.990.000 đồng.\r\nSamsung Galaxy Z Fold3 5G (12GB/512GB) chính hãng - Giá bán lẻ dự kiến (gồm VAT) 44.990.000 đồng.\r\nSamsung Galaxy Z Flip3 5G (8GB/256GB) chính hãng - Giá bán lẻ dự kiến (gồm VAT) 26.990.000 đồng.\r\nSamsung Galaxy Z Flip3 5G (8GB/128GB) chính hãng - Giá bán lẻ dự kiến (gồm VAT) 24.990.000 đồng.\r\nSamsung Galaxy S22 Ultra chính hãng (12GB/512GB) – Giá bán lẻ dự kiến (gồm VAT) 37.990.000 VNĐ.\r\nSamsung Galaxy S22 Ultra chính hãng (12GB/256GB) – Giá bán lẻ dự kiến (gồm VAT) 34.990.000 VNĐ.\r\nSamsung Galaxy S22 Ultra chính hãng (8GB/128GB) – Giá bán lẻ dự kiến (gồm VAT) 31.990.000 VNĐ.\r\nSamsung Galaxy S22+ chính hãng (8GB/256GB) – Giá bán lẻ dự kiến (gồm VAT) 28.490.000 VNĐ.\r\nSamsung Galaxy S22+ chính hãng (8GB/128GB) – Giá bán lẻ dự kiến (gồm VAT) 26.990.000 VNĐ.\r\nSamsung Galaxy S22 chính hãng (8GB/256GB) – Giá bán lẻ dự kiến (gồm VAT) 24.490.000 VNĐ. Samsung Galaxy S22 chính hãng (8GB/128GB) – Giá bán lẻ dự kiến (gồm VAT) 22.990.000 VNĐ.\r\nSamsung Galaxy Note 20 chính hãng - Giá bán lẻ (gồm VAT) 23.990.000 đồng.\r\nSamsung Galaxy S20 FE (8GB/256GB) chính hãng - Giá bán lẻ (gồm VAT) 15.490.000 đồng.\r\nSamsung Galaxy S21 5G chính hãng - Giá bán lẻ (gồm VAT) 20.990.000 đồng.\r\nSamsung Galaxy S21+ 5G (phiên bản 8GB/128GB) chính hãng - Giá bán lẻ (gồm VAT) 25.990.000 đồng.\r\nSamsung Galaxy S21+ 5G (phiên bản 8GB/256GB) chính hãng - Giá bán lẻ (gồm VAT) 28.990.000 đồng.\r\nSamsung Galaxy S21 Ultra 5G (12GB/128GB) chính hãng - Giá bán lẻ (gồm VAT) 30.990.000 đồng.\r\nThẻ tín dụng áp dụng: Thẻ tín dụng quốc tế cho khách hàng cá nhân được phát hành tại Việt Nam bởi một trong các ngân hàng Ngân Lượng (Citibank), Vietcombank, HSBC, Shinhanbank, Sacombank, Techcombank, VP Bank, MSB, SeABank, BIDV Bank, VIB, ACB, SHB, SCB, HDbank, Pvcombank (*).\r\n\r\nSố tiền đăng ký trả góp tối thiểu: Từ 5.000.000 đồng.\r\n\r\nSố tiền đăng ký trả góp tối đa: Bằng với số tiền thanh toán khi mua điện thoại Samsung Galaxy thuộc danh sách sản phẩm áp dụng và không được vượt quá giá bán lẻ đã bao gồm VAT của sản phẩm đó. Mỗi thẻ tín dụng không được đăng kí tham gia quá 8 (tám) lần (**) và Samsung sẽ được quyền tự động từ chối cho giao dịch thứ 9 (chín) trên cùng thẻ tín dụng.  \r\n\r\nThời hạn trả góp: 12 tháng và 24 tháng (thời hạn 24 tháng áp dụng cho khách hàng sử dụng thẻ HSBC,  Sacombank, MSB, SHB, BIDV).\r\n\r\n(*) Vào thời điểm thanh toán, số dư hạn mức tiêu dùng trong thẻ tín dụng của chủ thẻ phải còn đủ để thực hiện thành công giao dịch thanh toán mua điện thoại Samsung Galaxy thuộc danh sách sản phẩm áp dụng tại đại lý/ cửa hàng bán lẻ.\r\n\r\nỞ từng thời điểm, sản phẩm áp dụng có thể thay đổi ngân hàng Thẻ tín dụng hỗ trợ. Khách hàng vui lòng liên hệ Tổng đài Samsung hoặc Tổng đài ngân hàng để có thông tin chính xác. \r\n\r\n(**) Trong trường hợp chủ thẻ mua sản phẩm điện thoại trong chương trình này cùng với các sản phẩm hoặc phụ kiện khác thì chủ thẻ phải yêu cầu nhân viên của cửa hàng tách riêng giao dịch quẹt thẻ thanh toán cho điện thoại Samsung Galaxy với các giao dịch thanh toán cho sản phẩm/ phụ kiện khác. Chương trình chỉ yêu cầu tách giao dịch thanh toán khi quẹt thẻ, không cần tách hóa đơn sản phẩm.  \r\n\r\nTrường hợp chủ thẻ không tách riêng giao dịch quẹt thẻ thanh toán cho điện thoại Samsung Galaxy thuộc danh sách áp dụng như quy định thì đăng ký trả góp của chủ thẻ sẽ không được chấp nhận và chủ thẻ sẽ phải thanh toán theo điều khoản và quy định thông thường của ngân hàng phát hành thẻ.  \r\n\r\nQuy trình đăng ký trả góp\r\n\r\nBước 1: Chủ thẻ hoàn tất giao dịch thanh toán mua điện thoại Samsung Galaxy chính hãng trong chương  trình này bằng thẻ tín dụng quốc tế (dành cho cá nhân) được phát hành tại Việt Nam bởi một trong các ngân hàng đối tác bao gồm Ngân Lượng (Citibank), Vietcombank, HSBC, Shinhanbank, Sacombank,  Techcombank, VP Bank, MSB, SeABank, BIDV Bank, VIB, ACB, SHB, SCB, HDbank, Pvcombank (***). \r\n\r\nTrong trường hợp chủ thẻ mua điện thoại cùng với các sản phẩm/phụ kiện khác thì chủ thẻ phải yêu cầu nhân viên của cửa hàng tách riêng giao dịch quẹt thẻ thanh toán cho điện thoại Samsung Galaxy với các giao dịch thanh toán cho sản phẩm/ phụ kiện khác.  \r\n\r\nBước 2: Mở ứng dụng Quà tặng Galaxy trên điện thoại Samsung Galaxy vừa mua. Vào banner chương trình trả góp Galaxy Gift để đăng kí thông tin trên ứng dụng. Hoàn tất các bước theo hướng dẫn trên ứng dụng để đăng ký trả góp 0% cho giao dịch mua điện thoại Samsung Galaxy thuộc danh sách áp dụng chương trình của chủ thẻ, khách hàng lưu ý cần điền thông tin mã chuẩn chi (6 số) vào mẫu đơn đăng ký trên ứng dụng Galaxy Gift (****) (*****).\r\n\r\nRiêng đối với chủ thẻ Ngân Lượng (Citibank), sau khi đăng ký Galaxy Gift, để giao dịch hợp lệ Trả góp, bắt buộc khách hàng cần đăng ký form Citi Paylite của Ngân hàng theo hướng dẫn sau: Chủ thẻ nhắn “0”  gửi 6058 để nhận đường dẫn tới link Đăng Ký Chương Trình Trả Góp 0% Lãi Suất Citi PayLite trực tuyến https://www.citibank.com.vn/Landing_Pages/vietnamese/PayLite/application-form.htm điền thông tin giao dịch và đồng ý với Điều khoản và Điều kiện của chương trình, sau đó bấm \"Gửi  Yêu Cầu\"; Hotline Citibank: 028.3521 1111.\r\n\r\nBước 3: Sau khi đăng ký thành công, hệ thống sẽ gửi thông báo: \"Cảm ơn bạn đã tham gia chương trình. Thông tin của bạn đã được tiếp nhận và đang được xử lý chuyển đổi trả góp. Mọi thắc mắc vui lòng liên hệ tổng đài 1800 588 855 (miễn phí) Hoặc 02873013213 (có tính phí) để được hướng dẫn\".\r\n\r\n(***) Việc đăng ký trả góp 0% trên ứng dụng Quà tặng Galaxy của Samsung phải được thực hiện hoàn tất trong vòng 07 ngày kể từ ngày quẹt thẻ tín dụng thanh toán mua sản phẩm áp dụng, và phải trước ngày sao kê thẻ tín dụng của chủ thẻ. Máy phải được kích hoạt MCS (bảo hành chính hãng) không được quá 7 ngày kể từ ngày giao dịch. Những máy kích hoạt bảo hành MCS trước ngày giao dịch quá 7 ngày cũng sẽ không được tham gia chương trình. Thời hạn bảo hành được xác nhận dựa vào thông tin bảo hành điện tử thông qua ứng dụng CS One tải từ CH Play hoặc App Store; hoặc dựa vào các công cụ kiểm tra thời hạn bảo hành của Samsung; hoặc theo chứng từ mua  hàng đối với các sản phẩm bảo hành toàn cầu. Khách hàng có thể truy cập: https://www.samsung.com/vn/support/mobile-devices/warranty-check/.\r\n\r\nSau khi Chủ thẻ đăng ký chương trình trả góp lãi suất 0%, số tiền này sẽ được chuyển đổi chậm nhất sau 20 ngày làm việc. Trường hợp chủ thẻ nhận được thông báo giao dịch nhưng số tiền chưa chuyển đổi/ chủ thẻ thanh toán dư nợ trước hạn, chủ thẻ vui lòng liên hệ tổng đài 1800 588 855 (miễn phí) Hoặc 02873013213 (có tính phí) để được hướng dẫn. Trường hợp số tiền giao dịch chưa được chuyển đổi trả góp và đã thể hiện trên thông báo giao dịch, thì vui lòng thông báo cho ngân hàng để kiểm tra và xử lý, chậm nhất là 30 ngày kể từ ngày phát sinh giao dịch, sau thời gian này phía ngân hàng và Samsung hoàn toàn miễn trách nhiệm đối với lãi/ phí phát sinh có liên quan (nếu có).\r\n\r\n (*****) Riêng đối với chủ thẻ VP Bank, chương trình trả góp chỉ áp dụng với các loại thẻ tín dụng BIN 8 số thuộc danh sách sau: 52039930, 52039930, 52039967, 52039999, 52397568, 52397579, 52397599, 52439430, 52439466, 52439499, 52439468, 52439469, 51896601, 51896602. Bộ phận 24/7 của VP Bank sẽ gọi cho khách hàng để xác nhận trả góp. Trường hợp không liên lạc được sau 3 lần liên lạc, phía ngân hàng sẽ từ chối chuyển đổi trả góp cho khách hàng.\r\n\r\nBước 4: Samsung và ngân hàng phát hành thẻ sẽ đối chiếu, Samsung kiểm tra thông tin do chủ thẻ cung cấp trên trang web đăng ký trả góp Galaxy Gift và Ngân hàng chuyển đổi trả góp cho các giao dịch hợp lệ của chủ thẻ. \r\n\r\n3. Mọi thắc mắc chi tiết về chương trình, vui lòng liên hệ: Samsung hotline: 1800 588 889 (Miễn Phí)/ 02873013213 (Có Tính Phí).', 15599000, '2022-01-25 00:00:00', '2022-01-26 00:00:00', 'SS'),
(17, 'Điện thoại OPPO Reno6 5G', 'https://cdn.tgdd.vn/Products/Images/42/236186/oppo-reno6-5g-black-600x600.jpg', 'Chào tháng 12 tới với những niềm vui mới, Thế Giới Di Động mang đến khuyến mãi giảm 3% tối đa 100K khi thanh toán qua VNPAY QR. Tiện lợi và tiết kiệm, đó là những điều bạn sẽ có được khi không bỏ qua chương trình hấp dẫn này.\r\nĐể biết thêm chi tiết, hãy cùng lướt xuống bên dưới để tham khảo.\r\n\r\nThông tin chương trình\r\nThời gian diễn ra:\r\n\r\nGiai đoạn 1: 01/09/2021 - 30/09/2021.\r\n\r\nGiai đoạn 2: 01/10/2021 - 31/10/2021.\r\n\r\nGiai đoạn 3: 01/11/2021 - 31/11/2021.\r\n\r\nGiai đoạn 4: 01/12/2021 - 31/12/2021.\r\n\r\nGiai đoạn 5: 01/01/2022 - 31/01/2022.\r\n\r\nGiai đoạn 5: 01/02/2022 - 28/02/2022.\r\n\r\nGiai đoạn 5: 01/03/2022 - 31/03/2022.\r\n\r\nSản phẩm áp dụng: Tất cả sản phẩm (trừ các sản phẩm iPhone, Laptop, Sim số thẻ cào, Dịch vụ tiện ích).\r\n\r\nKhách hàng khi thanh toán nhập mã: Để được nhận ưu đãi, nhập mã DMX100.\r\n\r\nCác ngân hàng được áp dụng KM: Vietcombank, BIDV, VietinBank, Agribank, Nam A Bank, Eximbank, SCB, HDBank, ABBank, Vietbank, BIDC, SAIGONBANK, OceanBank, Kienlongbank, Bảo Việt Bank, Việt Á Bank và ví điện tử VNPAY\r\n\r\nSau đây là các bước mua hàng bằng cách quét mã VNPAY QR trên Thế Giới Di Động khi mua một đơn hàng nào đó:\r\n\r\nBước 1: Truy cập vào trang chủ của Thế Giới Di Động/Điện Máy xanh và mua một sản phẩm bất kì. Chọn mục MUA NGAY.\r\n\r\nBước 2: Giao diện sẽ hiện ra như hình, bạn điền thông tin cá nhân chính xác để đặt hàng. Sau đó bạn hãy chọn mục ĐẶT HÀNG.\r\n\r\nBước 3: Sẽ hiển thị thông tin đặt hàng thành công và chọn hình thức Thanh toán qua QR Code.\r\n\r\nBước 4: Giao diện quét mã sẽ hiện ra như hình.\r\n\r\nBước 5: Việc cần làm chỉ là chọn một trong các ngân hàng ở trên (đã cài sẵn ứng dụng ngân hàng đó) rồi hệ thống sẽ nhanh chóng hiển thị các thông tin tương ứng của giao dịch để bạn xác nhận và hoàn tất thủ tục thanh toán.\r\n\r\nLưu ý nhập mã DMX100 để được hưởng ưu đãi.\r\n\r\nLưu ý quan trọng:\r\n\r\nSố lần khuyến mãi: Mỗi khách hàng (tương ứng với mỗi số tài khoản ngân hàng và/hoặc số điện thoại đăng ký dịch vụ Mobile Banking) được khuyến mãi 01 (một lần)/giai đoạn.\r\nKhông áp dụng chung với các chương trình khuyến mãi VNPAY QR khác.\r\nKhông tách hóa đơn.\r\nChỉ áp dụng cho khách hàng lẻ, không áp dụng khách hàng mua buôn.\r\nNgoài ra, nếu như khách hàng đặt hàng trên smartphone bị lỗi thì tham khảo những cách làm sau để có thể nhận được ưu đãi: Với hệ điều hành iOS (iPhone, iPad), cần dùng trình duyệt Safari để đặt hàng.\r\n\r\nCần phải cài sẵn App của Ngân hàng đang dùng để tiến hành thanh toán.\r\nTrong một số trường hợp đã làm theo mục 1 và 2 nhưng vẫn lỗi, bạn thử sử dụng máy tính hoặc dùng điện thoại khác để thanh toán nhé!\r\nVậy còn chần chờ gì, nhanh chóng note lại để mua sắm thôi nào.', 12990000, '2022-01-26 15:12:32', '2022-01-27 15:12:32', 'OP'),
(18, 'Điện thoại OPPO Reno5 5G', 'https://cdn.tgdd.vn/Products/Images/42/233460/oppo-reno5-5g-thumb-600x600.jpg', 'Chào tháng 12 tới với những niềm vui mới, Thế Giới Di Động mang đến khuyến mãi giảm 3% tối đa 100K khi thanh toán qua VNPAY QR. Tiện lợi và tiết kiệm, đó là những điều bạn sẽ có được khi không bỏ qua chương trình hấp dẫn này.\r\nĐể biết thêm chi tiết, hãy cùng lướt xuống bên dưới để tham khảo.\r\n\r\nThông tin chương trình\r\nThời gian diễn ra:\r\n\r\nGiai đoạn 1: 01/09/2021 - 30/09/2021.\r\n\r\nGiai đoạn 2: 01/10/2021 - 31/10/2021.\r\n\r\nGiai đoạn 3: 01/11/2021 - 31/11/2021.\r\n\r\nGiai đoạn 4: 01/12/2021 - 31/12/2021.\r\n\r\nGiai đoạn 5: 01/01/2022 - 31/01/2022.\r\n\r\nGiai đoạn 5: 01/02/2022 - 28/02/2022.\r\n\r\nGiai đoạn 5: 01/03/2022 - 31/03/2022.\r\n\r\nSản phẩm áp dụng: Tất cả sản phẩm (trừ các sản phẩm iPhone, Laptop, Sim số thẻ cào, Dịch vụ tiện ích).\r\n\r\nKhách hàng khi thanh toán nhập mã: Để được nhận ưu đãi, nhập mã DMX100.\r\n\r\nCác ngân hàng được áp dụng KM: Vietcombank, BIDV, VietinBank, Agribank, Nam A Bank, Eximbank, SCB, HDBank, ABBank, Vietbank, BIDC, SAIGONBANK, OceanBank, Kienlongbank, Bảo Việt Bank, Việt Á Bank và ví điện tử VNPAY\r\n\r\nSau đây là các bước mua hàng bằng cách quét mã VNPAY QR trên Thế Giới Di Động khi mua một đơn hàng nào đó:\r\n\r\nBước 1: Truy cập vào trang chủ của Thế Giới Di Động/Điện Máy xanh và mua một sản phẩm bất kì. Chọn mục MUA NGAY.\r\n\r\nBước 2: Giao diện sẽ hiện ra như hình, bạn điền thông tin cá nhân chính xác để đặt hàng. Sau đó bạn hãy chọn mục ĐẶT HÀNG.\r\n\r\nBước 3: Sẽ hiển thị thông tin đặt hàng thành công và chọn hình thức Thanh toán qua QR Code.\r\n\r\nBước 4: Giao diện quét mã sẽ hiện ra như hình.\r\n\r\nBước 5: Việc cần làm chỉ là chọn một trong các ngân hàng ở trên (đã cài sẵn ứng dụng ngân hàng đó) rồi hệ thống sẽ nhanh chóng hiển thị các thông tin tương ứng của giao dịch để bạn xác nhận và hoàn tất thủ tục thanh toán.\r\n\r\nLưu ý nhập mã DMX100 để được hưởng ưu đãi.\r\n\r\nLưu ý quan trọng:\r\n\r\nSố lần khuyến mãi: Mỗi khách hàng (tương ứng với mỗi số tài khoản ngân hàng và/hoặc số điện thoại đăng ký dịch vụ Mobile Banking) được khuyến mãi 01 (một lần)/giai đoạn.\r\nKhông áp dụng chung với các chương trình khuyến mãi VNPAY QR khác.\r\nKhông tách hóa đơn.\r\nChỉ áp dụng cho khách hàng lẻ, không áp dụng khách hàng mua buôn.\r\nNgoài ra, nếu như khách hàng đặt hàng trên smartphone bị lỗi thì tham khảo những cách làm sau để có thể nhận được ưu đãi: Với hệ điều hành iOS (iPhone, iPad), cần dùng trình duyệt Safari để đặt hàng.\r\n\r\nCần phải cài sẵn App của Ngân hàng đang dùng để tiến hành thanh toán.\r\nTrong một số trường hợp đã làm theo mục 1 và 2 nhưng vẫn lỗi, bạn thử sử dụng máy tính hoặc dùng điện thoại khác để thanh toán nhé!\r\nVậy còn chần chờ gì, nhanh chóng note lại để mua sắm thôi nào.', 8990000, '2022-01-28 00:00:00', '2022-01-29 00:00:00', 'OP'),
(19, 'Điện thoại iPhone 11 64GB', 'https://cdn.tgdd.vn/Products/Images/42/153856/iphone-xi-do-600x600.jpg', 'Tháng 3 này, mua hàng tại Thế Giới Di Động giá đã tốt nay còn tiết kiệm hơn hơn với ưu đãi giảm sốc 5% tối đa đến 500.000 đồng khi thanh toán qua Moca. Nếu muốn biết cách thức nhận ưu đãi này hãy đọc hết bài viết này bạn nhé. Nào đi thôi!\r\nThời gian áp dụng\r\nTừ 4/3/2021 - 11/3/2021 (có thể kết thúc sớm hơn dự kiến nếu hết ngân sách).\r\n\r\nĐiều kiện áp dụng\r\nÁp dụng cho tất cả sản phẩm có giá thanh toán cuối cùng từ 500.000đ trở lên (Trừ sim số, thẻ cào, tiện ích).\r\nKH nhập mã WOMANDAY để được giảm 5% tối đa 500K cho bill từ 500K.\r\nChỉ áp dụng 1.000 suất KH đầu tiên thanh toán thành công (Không hoàn hủy).\r\nKhách hàng phải dùng Ví Moca trên ứng dụng Grab để thanh toán online tại website: dienmayxanh.com, thegioididong.com, topzone.vn.\r\n\r\nLưu ý quan trọng\r\nPhải cài đặt sẵn App Grab.\r\nƯu đãi chỉ áp dụng trên phiên bản ứng dụng Grab mới nhất.\r\nMỗi chủ thẻ được 1 lần khuyến mãi /chương trình.\r\nKhông tách hóa đơn.\r\nChỉ áp dụng cho khách hàng lẻ, không áp dụng khách hàng mua buôn.', 16990000, '2022-01-20 15:12:32', '2022-01-20 16:12:32', 'IP'),
(20, 'Điện thoại iPhone 12 mini 128GB', 'https://cdn.tgdd.vn/Products/Images/42/228741/iphone-12-mini-trang-600x600.jpg', 'Tháng 3 này, mua hàng tại Thế Giới Di Động giá đã tốt nay còn tiết kiệm hơn hơn với ưu đãi giảm sốc 5% tối đa đến 500.000 đồng khi thanh toán qua Moca. Nếu muốn biết cách thức nhận ưu đãi này hãy đọc hết bài viết này bạn nhé. Nào đi thôi!\r\nThời gian áp dụng\r\nTừ 4/3/2021 - 11/3/2021 (có thể kết thúc sớm hơn dự kiến nếu hết ngân sách).\r\n\r\nĐiều kiện áp dụng\r\nÁp dụng cho tất cả sản phẩm có giá thanh toán cuối cùng từ 500.000đ trở lên (Trừ sim số, thẻ cào, tiện ích).\r\nKH nhập mã WOMANDAY để được giảm 5% tối đa 500K cho bill từ 500K.\r\nChỉ áp dụng 1.000 suất KH đầu tiên thanh toán thành công (Không hoàn hủy).\r\nKhách hàng phải dùng Ví Moca trên ứng dụng Grab để thanh toán online tại website: dienmayxanh.com, thegioididong.com, topzone.vn.\r\n\r\nLưu ý quan trọng\r\nPhải cài đặt sẵn App Grab.\r\nƯu đãi chỉ áp dụng trên phiên bản ứng dụng Grab mới nhất.\r\nMỗi chủ thẻ được 1 lần khuyến mãi /chương trình.\r\nKhông tách hóa đơn.\r\nChỉ áp dụng cho khách hàng lẻ, không áp dụng khách hàng mua buôn.', 16990000, '2022-01-20 00:00:00', '2022-01-21 00:00:00', 'IP'),
(21, 'Điện thoại Samsung Galaxy S22 5G 128GB', 'https://cdn.tgdd.vn/Products/Images/42/231110/Galaxy-S22-Black-600x600.jpg', 'Các bạn đã biết gì chưa, đó là Thế Giới Di Động đang triển khai chương trình trả góp 0% qua thẻ tín dụng đấy. Áp dụng cho rất nhiều siêu phẩm của Samsung Galaxy, quá hấp dẫn phải không? Do đó để không bỏ lỡ, hãy cùng mình tìm hiểu chi tiết bên dưới nhé!\r\nChi tiết chương trình\r\nĐịa điểm áp dụng: Tại hệ thống cửa hàng/website Thế Giới Di Động và Điện Máy XANH.\r\n\r\nThời gian áp dụng đăng ký trả góp: 01/10/2021 đến 31/03/2022\r\n\r\nSản phẩm áp dụng: (giá bán lẻ có thể thay đổi theo thời gian)  \r\n\r\nSamsung Galaxy Z Fold2 chính hãng - Giá bán lẻ (gồm VAT) 50.000.000 đồng.\r\nSamsung Galaxy Z Fold3 5G (12GB/256GB) chính hãng - Giá bán lẻ dự kiến (gồm VAT) 41.990.000 đồng.\r\nSamsung Galaxy Z Fold3 5G (12GB/512GB) chính hãng - Giá bán lẻ dự kiến (gồm VAT) 44.990.000 đồng.\r\nSamsung Galaxy Z Flip3 5G (8GB/256GB) chính hãng - Giá bán lẻ dự kiến (gồm VAT) 26.990.000 đồng.\r\nSamsung Galaxy Z Flip3 5G (8GB/128GB) chính hãng - Giá bán lẻ dự kiến (gồm VAT) 24.990.000 đồng.\r\nSamsung Galaxy S22 Ultra chính hãng (12GB/512GB) – Giá bán lẻ dự kiến (gồm VAT) 37.990.000 VNĐ.\r\nSamsung Galaxy S22 Ultra chính hãng (12GB/256GB) – Giá bán lẻ dự kiến (gồm VAT) 34.990.000 VNĐ.\r\nSamsung Galaxy S22 Ultra chính hãng (8GB/128GB) – Giá bán lẻ dự kiến (gồm VAT) 31.990.000 VNĐ.\r\nSamsung Galaxy S22+ chính hãng (8GB/256GB) – Giá bán lẻ dự kiến (gồm VAT) 28.490.000 VNĐ.\r\nSamsung Galaxy S22+ chính hãng (8GB/128GB) – Giá bán lẻ dự kiến (gồm VAT) 26.990.000 VNĐ.\r\nSamsung Galaxy S22 chính hãng (8GB/256GB) – Giá bán lẻ dự kiến (gồm VAT) 24.490.000 VNĐ. Samsung Galaxy S22 chính hãng (8GB/128GB) – Giá bán lẻ dự kiến (gồm VAT) 22.990.000 VNĐ.\r\nSamsung Galaxy Note 20 chính hãng - Giá bán lẻ (gồm VAT) 23.990.000 đồng.\r\nSamsung Galaxy S20 FE (8GB/256GB) chính hãng - Giá bán lẻ (gồm VAT) 15.490.000 đồng.\r\nSamsung Galaxy S21 5G chính hãng - Giá bán lẻ (gồm VAT) 20.990.000 đồng.\r\nSamsung Galaxy S21+ 5G (phiên bản 8GB/128GB) chính hãng - Giá bán lẻ (gồm VAT) 25.990.000 đồng.\r\nSamsung Galaxy S21+ 5G (phiên bản 8GB/256GB) chính hãng - Giá bán lẻ (gồm VAT) 28.990.000 đồng.\r\nSamsung Galaxy S21 Ultra 5G (12GB/128GB) chính hãng - Giá bán lẻ (gồm VAT) 30.990.000 đồng.\r\nThẻ tín dụng áp dụng: Thẻ tín dụng quốc tế cho khách hàng cá nhân được phát hành tại Việt Nam bởi một trong các ngân hàng Ngân Lượng (Citibank), Vietcombank, HSBC, Shinhanbank, Sacombank, Techcombank, VP Bank, MSB, SeABank, BIDV Bank, VIB, ACB, SHB, SCB, HDbank, Pvcombank (*).\r\n\r\nSố tiền đăng ký trả góp tối thiểu: Từ 5.000.000 đồng.\r\n\r\nSố tiền đăng ký trả góp tối đa: Bằng với số tiền thanh toán khi mua điện thoại Samsung Galaxy thuộc danh sách sản phẩm áp dụng và không được vượt quá giá bán lẻ đã bao gồm VAT của sản phẩm đó. Mỗi thẻ tín dụng không được đăng kí tham gia quá 8 (tám) lần (**) và Samsung sẽ được quyền tự động từ chối cho giao dịch thứ 9 (chín) trên cùng thẻ tín dụng.  \r\n\r\nThời hạn trả góp: 12 tháng và 24 tháng (thời hạn 24 tháng áp dụng cho khách hàng sử dụng thẻ HSBC,  Sacombank, MSB, SHB, BIDV).\r\n\r\n(*) Vào thời điểm thanh toán, số dư hạn mức tiêu dùng trong thẻ tín dụng của chủ thẻ phải còn đủ để thực hiện thành công giao dịch thanh toán mua điện thoại Samsung Galaxy thuộc danh sách sản phẩm áp dụng tại đại lý/ cửa hàng bán lẻ.\r\n\r\nỞ từng thời điểm, sản phẩm áp dụng có thể thay đổi ngân hàng Thẻ tín dụng hỗ trợ. Khách hàng vui lòng liên hệ Tổng đài Samsung hoặc Tổng đài ngân hàng để có thông tin chính xác. \r\n\r\n(**) Trong trường hợp chủ thẻ mua sản phẩm điện thoại trong chương trình này cùng với các sản phẩm hoặc phụ kiện khác thì chủ thẻ phải yêu cầu nhân viên của cửa hàng tách riêng giao dịch quẹt thẻ thanh toán cho điện thoại Samsung Galaxy với các giao dịch thanh toán cho sản phẩm/ phụ kiện khác. Chương trình chỉ yêu cầu tách giao dịch thanh toán khi quẹt thẻ, không cần tách hóa đơn sản phẩm.  \r\n\r\nTrường hợp chủ thẻ không tách riêng giao dịch quẹt thẻ thanh toán cho điện thoại Samsung Galaxy thuộc danh sách áp dụng như quy định thì đăng ký trả góp của chủ thẻ sẽ không được chấp nhận và chủ thẻ sẽ phải thanh toán theo điều khoản và quy định thông thường của ngân hàng phát hành thẻ.  \r\n\r\nQuy trình đăng ký trả góp\r\n\r\nBước 1: Chủ thẻ hoàn tất giao dịch thanh toán mua điện thoại Samsung Galaxy chính hãng trong chương  trình này bằng thẻ tín dụng quốc tế (dành cho cá nhân) được phát hành tại Việt Nam bởi một trong các ngân hàng đối tác bao gồm Ngân Lượng (Citibank), Vietcombank, HSBC, Shinhanbank, Sacombank,  Techcombank, VP Bank, MSB, SeABank, BIDV Bank, VIB, ACB, SHB, SCB, HDbank, Pvcombank (***). \r\n\r\nTrong trường hợp chủ thẻ mua điện thoại cùng với các sản phẩm/phụ kiện khác thì chủ thẻ phải yêu cầu nhân viên của cửa hàng tách riêng giao dịch quẹt thẻ thanh toán cho điện thoại Samsung Galaxy với các giao dịch thanh toán cho sản phẩm/ phụ kiện khác.  \r\n\r\nBước 2: Mở ứng dụng Quà tặng Galaxy trên điện thoại Samsung Galaxy vừa mua. Vào banner chương trình trả góp Galaxy Gift để đăng kí thông tin trên ứng dụng. Hoàn tất các bước theo hướng dẫn trên ứng dụng để đăng ký trả góp 0% cho giao dịch mua điện thoại Samsung Galaxy thuộc danh sách áp dụng chương trình của chủ thẻ, khách hàng lưu ý cần điền thông tin mã chuẩn chi (6 số) vào mẫu đơn đăng ký trên ứng dụng Galaxy Gift (****) (*****).\r\n\r\nRiêng đối với chủ thẻ Ngân Lượng (Citibank), sau khi đăng ký Galaxy Gift, để giao dịch hợp lệ Trả góp, bắt buộc khách hàng cần đăng ký form Citi Paylite của Ngân hàng theo hướng dẫn sau: Chủ thẻ nhắn “0”  gửi 6058 để nhận đường dẫn tới link Đăng Ký Chương Trình Trả Góp 0% Lãi Suất Citi PayLite trực tuyến https://www.citibank.com.vn/Landing_Pages/vietnamese/PayLite/application-form.htm điền thông tin giao dịch và đồng ý với Điều khoản và Điều kiện của chương trình, sau đó bấm \"Gửi  Yêu Cầu\"; Hotline Citibank: 028.3521 1111.\r\n\r\nBước 3: Sau khi đăng ký thành công, hệ thống sẽ gửi thông báo: \"Cảm ơn bạn đã tham gia chương trình. Thông tin của bạn đã được tiếp nhận và đang được xử lý chuyển đổi trả góp. Mọi thắc mắc vui lòng liên hệ tổng đài 1800 588 855 (miễn phí) Hoặc 02873013213 (có tính phí) để được hướng dẫn\".\r\n\r\n(***) Việc đăng ký trả góp 0% trên ứng dụng Quà tặng Galaxy của Samsung phải được thực hiện hoàn tất trong vòng 07 ngày kể từ ngày quẹt thẻ tín dụng thanh toán mua sản phẩm áp dụng, và phải trước ngày sao kê thẻ tín dụng của chủ thẻ. Máy phải được kích hoạt MCS (bảo hành chính hãng) không được quá 7 ngày kể từ ngày giao dịch. Những máy kích hoạt bảo hành MCS trước ngày giao dịch quá 7 ngày cũng sẽ không được tham gia chương trình. Thời hạn bảo hành được xác nhận dựa vào thông tin bảo hành điện tử thông qua ứng dụng CS One tải từ CH Play hoặc App Store; hoặc dựa vào các công cụ kiểm tra thời hạn bảo hành của Samsung; hoặc theo chứng từ mua  hàng đối với các sản phẩm bảo hành toàn cầu. Khách hàng có thể truy cập: https://www.samsung.com/vn/support/mobile-devices/warranty-check/.\r\n\r\nSau khi Chủ thẻ đăng ký chương trình trả góp lãi suất 0%, số tiền này sẽ được chuyển đổi chậm nhất sau 20 ngày làm việc. Trường hợp chủ thẻ nhận được thông báo giao dịch nhưng số tiền chưa chuyển đổi/ chủ thẻ thanh toán dư nợ trước hạn, chủ thẻ vui lòng liên hệ tổng đài 1800 588 855 (miễn phí) Hoặc 02873013213 (có tính phí) để được hướng dẫn. Trường hợp số tiền giao dịch chưa được chuyển đổi trả góp và đã thể hiện trên thông báo giao dịch, thì vui lòng thông báo cho ngân hàng để kiểm tra và xử lý, chậm nhất là 30 ngày kể từ ngày phát sinh giao dịch, sau thời gian này phía ngân hàng và Samsung hoàn toàn miễn trách nhiệm đối với lãi/ phí phát sinh có liên quan (nếu có).\r\n\r\n (*****) Riêng đối với chủ thẻ VP Bank, chương trình trả góp chỉ áp dụng với các loại thẻ tín dụng BIN 8 số thuộc danh sách sau: 52039930, 52039930, 52039967, 52039999, 52397568, 52397579, 52397599, 52439430, 52439466, 52439499, 52439468, 52439469, 51896601, 51896602. Bộ phận 24/7 của VP Bank sẽ gọi cho khách hàng để xác nhận trả góp. Trường hợp không liên lạc được sau 3 lần liên lạc, phía ngân hàng sẽ từ chối chuyển đổi trả góp cho khách hàng.\r\n\r\nBước 4: Samsung và ngân hàng phát hành thẻ sẽ đối chiếu, Samsung kiểm tra thông tin do chủ thẻ cung cấp trên trang web đăng ký trả góp Galaxy Gift và Ngân hàng chuyển đổi trả góp cho các giao dịch hợp lệ của chủ thẻ. \r\n\r\n3. Mọi thắc mắc chi tiết về chương trình, vui lòng liên hệ: Samsung hotline: 1800 588 889 (Miễn Phí)/ 02873013213 (Có Tính Phí).', 21990000, '2022-01-22 15:12:32', '2022-01-23 16:12:32', 'SS'),
(22, 'Điện thoại Samsung Galaxy Note 20', 'https://cdn.tgdd.vn/Products/Images/42/218355/samsung-galaxy-note-20-062220-122200-fix-600x600.jpg', 'Các bạn đã biết gì chưa, đó là Thế Giới Di Động đang triển khai chương trình trả góp 0% qua thẻ tín dụng đấy. Áp dụng cho rất nhiều siêu phẩm của Samsung Galaxy, quá hấp dẫn phải không? Do đó để không bỏ lỡ, hãy cùng mình tìm hiểu chi tiết bên dưới nhé!\r\nChi tiết chương trình\r\nĐịa điểm áp dụng: Tại hệ thống cửa hàng/website Thế Giới Di Động và Điện Máy XANH.\r\n\r\nThời gian áp dụng đăng ký trả góp: 01/10/2021 đến 31/03/2022\r\n\r\nSản phẩm áp dụng: (giá bán lẻ có thể thay đổi theo thời gian)  \r\n\r\nSamsung Galaxy Z Fold2 chính hãng - Giá bán lẻ (gồm VAT) 50.000.000 đồng.\r\nSamsung Galaxy Z Fold3 5G (12GB/256GB) chính hãng - Giá bán lẻ dự kiến (gồm VAT) 41.990.000 đồng.\r\nSamsung Galaxy Z Fold3 5G (12GB/512GB) chính hãng - Giá bán lẻ dự kiến (gồm VAT) 44.990.000 đồng.\r\nSamsung Galaxy Z Flip3 5G (8GB/256GB) chính hãng - Giá bán lẻ dự kiến (gồm VAT) 26.990.000 đồng.\r\nSamsung Galaxy Z Flip3 5G (8GB/128GB) chính hãng - Giá bán lẻ dự kiến (gồm VAT) 24.990.000 đồng.\r\nSamsung Galaxy S22 Ultra chính hãng (12GB/512GB) – Giá bán lẻ dự kiến (gồm VAT) 37.990.000 VNĐ.\r\nSamsung Galaxy S22 Ultra chính hãng (12GB/256GB) – Giá bán lẻ dự kiến (gồm VAT) 34.990.000 VNĐ.\r\nSamsung Galaxy S22 Ultra chính hãng (8GB/128GB) – Giá bán lẻ dự kiến (gồm VAT) 31.990.000 VNĐ.\r\nSamsung Galaxy S22+ chính hãng (8GB/256GB) – Giá bán lẻ dự kiến (gồm VAT) 28.490.000 VNĐ.\r\nSamsung Galaxy S22+ chính hãng (8GB/128GB) – Giá bán lẻ dự kiến (gồm VAT) 26.990.000 VNĐ.\r\nSamsung Galaxy S22 chính hãng (8GB/256GB) – Giá bán lẻ dự kiến (gồm VAT) 24.490.000 VNĐ. Samsung Galaxy S22 chính hãng (8GB/128GB) – Giá bán lẻ dự kiến (gồm VAT) 22.990.000 VNĐ.\r\nSamsung Galaxy Note 20 chính hãng - Giá bán lẻ (gồm VAT) 23.990.000 đồng.\r\nSamsung Galaxy S20 FE (8GB/256GB) chính hãng - Giá bán lẻ (gồm VAT) 15.490.000 đồng.\r\nSamsung Galaxy S21 5G chính hãng - Giá bán lẻ (gồm VAT) 20.990.000 đồng.\r\nSamsung Galaxy S21+ 5G (phiên bản 8GB/128GB) chính hãng - Giá bán lẻ (gồm VAT) 25.990.000 đồng.\r\nSamsung Galaxy S21+ 5G (phiên bản 8GB/256GB) chính hãng - Giá bán lẻ (gồm VAT) 28.990.000 đồng.\r\nSamsung Galaxy S21 Ultra 5G (12GB/128GB) chính hãng - Giá bán lẻ (gồm VAT) 30.990.000 đồng.\r\nThẻ tín dụng áp dụng: Thẻ tín dụng quốc tế cho khách hàng cá nhân được phát hành tại Việt Nam bởi một trong các ngân hàng Ngân Lượng (Citibank), Vietcombank, HSBC, Shinhanbank, Sacombank, Techcombank, VP Bank, MSB, SeABank, BIDV Bank, VIB, ACB, SHB, SCB, HDbank, Pvcombank (*).\r\n\r\nSố tiền đăng ký trả góp tối thiểu: Từ 5.000.000 đồng.\r\n\r\nSố tiền đăng ký trả góp tối đa: Bằng với số tiền thanh toán khi mua điện thoại Samsung Galaxy thuộc danh sách sản phẩm áp dụng và không được vượt quá giá bán lẻ đã bao gồm VAT của sản phẩm đó. Mỗi thẻ tín dụng không được đăng kí tham gia quá 8 (tám) lần (**) và Samsung sẽ được quyền tự động từ chối cho giao dịch thứ 9 (chín) trên cùng thẻ tín dụng.  \r\n\r\nThời hạn trả góp: 12 tháng và 24 tháng (thời hạn 24 tháng áp dụng cho khách hàng sử dụng thẻ HSBC,  Sacombank, MSB, SHB, BIDV).\r\n\r\n(*) Vào thời điểm thanh toán, số dư hạn mức tiêu dùng trong thẻ tín dụng của chủ thẻ phải còn đủ để thực hiện thành công giao dịch thanh toán mua điện thoại Samsung Galaxy thuộc danh sách sản phẩm áp dụng tại đại lý/ cửa hàng bán lẻ.\r\n\r\nỞ từng thời điểm, sản phẩm áp dụng có thể thay đổi ngân hàng Thẻ tín dụng hỗ trợ. Khách hàng vui lòng liên hệ Tổng đài Samsung hoặc Tổng đài ngân hàng để có thông tin chính xác. \r\n\r\n(**) Trong trường hợp chủ thẻ mua sản phẩm điện thoại trong chương trình này cùng với các sản phẩm hoặc phụ kiện khác thì chủ thẻ phải yêu cầu nhân viên của cửa hàng tách riêng giao dịch quẹt thẻ thanh toán cho điện thoại Samsung Galaxy với các giao dịch thanh toán cho sản phẩm/ phụ kiện khác. Chương trình chỉ yêu cầu tách giao dịch thanh toán khi quẹt thẻ, không cần tách hóa đơn sản phẩm.  \r\n\r\nTrường hợp chủ thẻ không tách riêng giao dịch quẹt thẻ thanh toán cho điện thoại Samsung Galaxy thuộc danh sách áp dụng như quy định thì đăng ký trả góp của chủ thẻ sẽ không được chấp nhận và chủ thẻ sẽ phải thanh toán theo điều khoản và quy định thông thường của ngân hàng phát hành thẻ.  \r\n\r\nQuy trình đăng ký trả góp\r\n\r\nBước 1: Chủ thẻ hoàn tất giao dịch thanh toán mua điện thoại Samsung Galaxy chính hãng trong chương  trình này bằng thẻ tín dụng quốc tế (dành cho cá nhân) được phát hành tại Việt Nam bởi một trong các ngân hàng đối tác bao gồm Ngân Lượng (Citibank), Vietcombank, HSBC, Shinhanbank, Sacombank,  Techcombank, VP Bank, MSB, SeABank, BIDV Bank, VIB, ACB, SHB, SCB, HDbank, Pvcombank (***). \r\n\r\nTrong trường hợp chủ thẻ mua điện thoại cùng với các sản phẩm/phụ kiện khác thì chủ thẻ phải yêu cầu nhân viên của cửa hàng tách riêng giao dịch quẹt thẻ thanh toán cho điện thoại Samsung Galaxy với các giao dịch thanh toán cho sản phẩm/ phụ kiện khác.  \r\n\r\nBước 2: Mở ứng dụng Quà tặng Galaxy trên điện thoại Samsung Galaxy vừa mua. Vào banner chương trình trả góp Galaxy Gift để đăng kí thông tin trên ứng dụng. Hoàn tất các bước theo hướng dẫn trên ứng dụng để đăng ký trả góp 0% cho giao dịch mua điện thoại Samsung Galaxy thuộc danh sách áp dụng chương trình của chủ thẻ, khách hàng lưu ý cần điền thông tin mã chuẩn chi (6 số) vào mẫu đơn đăng ký trên ứng dụng Galaxy Gift (****) (*****).\r\n\r\nRiêng đối với chủ thẻ Ngân Lượng (Citibank), sau khi đăng ký Galaxy Gift, để giao dịch hợp lệ Trả góp, bắt buộc khách hàng cần đăng ký form Citi Paylite của Ngân hàng theo hướng dẫn sau: Chủ thẻ nhắn “0”  gửi 6058 để nhận đường dẫn tới link Đăng Ký Chương Trình Trả Góp 0% Lãi Suất Citi PayLite trực tuyến https://www.citibank.com.vn/Landing_Pages/vietnamese/PayLite/application-form.htm điền thông tin giao dịch và đồng ý với Điều khoản và Điều kiện của chương trình, sau đó bấm \"Gửi  Yêu Cầu\"; Hotline Citibank: 028.3521 1111.\r\n\r\nBước 3: Sau khi đăng ký thành công, hệ thống sẽ gửi thông báo: \"Cảm ơn bạn đã tham gia chương trình. Thông tin của bạn đã được tiếp nhận và đang được xử lý chuyển đổi trả góp. Mọi thắc mắc vui lòng liên hệ tổng đài 1800 588 855 (miễn phí) Hoặc 02873013213 (có tính phí) để được hướng dẫn\".\r\n\r\n(***) Việc đăng ký trả góp 0% trên ứng dụng Quà tặng Galaxy của Samsung phải được thực hiện hoàn tất trong vòng 07 ngày kể từ ngày quẹt thẻ tín dụng thanh toán mua sản phẩm áp dụng, và phải trước ngày sao kê thẻ tín dụng của chủ thẻ. Máy phải được kích hoạt MCS (bảo hành chính hãng) không được quá 7 ngày kể từ ngày giao dịch. Những máy kích hoạt bảo hành MCS trước ngày giao dịch quá 7 ngày cũng sẽ không được tham gia chương trình. Thời hạn bảo hành được xác nhận dựa vào thông tin bảo hành điện tử thông qua ứng dụng CS One tải từ CH Play hoặc App Store; hoặc dựa vào các công cụ kiểm tra thời hạn bảo hành của Samsung; hoặc theo chứng từ mua  hàng đối với các sản phẩm bảo hành toàn cầu. Khách hàng có thể truy cập: https://www.samsung.com/vn/support/mobile-devices/warranty-check/.\r\n\r\nSau khi Chủ thẻ đăng ký chương trình trả góp lãi suất 0%, số tiền này sẽ được chuyển đổi chậm nhất sau 20 ngày làm việc. Trường hợp chủ thẻ nhận được thông báo giao dịch nhưng số tiền chưa chuyển đổi/ chủ thẻ thanh toán dư nợ trước hạn, chủ thẻ vui lòng liên hệ tổng đài 1800 588 855 (miễn phí) Hoặc 02873013213 (có tính phí) để được hướng dẫn. Trường hợp số tiền giao dịch chưa được chuyển đổi trả góp và đã thể hiện trên thông báo giao dịch, thì vui lòng thông báo cho ngân hàng để kiểm tra và xử lý, chậm nhất là 30 ngày kể từ ngày phát sinh giao dịch, sau thời gian này phía ngân hàng và Samsung hoàn toàn miễn trách nhiệm đối với lãi/ phí phát sinh có liên quan (nếu có).\r\n\r\n (*****) Riêng đối với chủ thẻ VP Bank, chương trình trả góp chỉ áp dụng với các loại thẻ tín dụng BIN 8 số thuộc danh sách sau: 52039930, 52039930, 52039967, 52039999, 52397568, 52397579, 52397599, 52439430, 52439466, 52439499, 52439468, 52439469, 51896601, 51896602. Bộ phận 24/7 của VP Bank sẽ gọi cho khách hàng để xác nhận trả góp. Trường hợp không liên lạc được sau 3 lần liên lạc, phía ngân hàng sẽ từ chối chuyển đổi trả góp cho khách hàng.\r\n\r\nBước 4: Samsung và ngân hàng phát hành thẻ sẽ đối chiếu, Samsung kiểm tra thông tin do chủ thẻ cung cấp trên trang web đăng ký trả góp Galaxy Gift và Ngân hàng chuyển đổi trả góp cho các giao dịch hợp lệ của chủ thẻ. \r\n\r\n3. Mọi thắc mắc chi tiết về chương trình, vui lòng liên hệ: Samsung hotline: 1800 588 889 (Miễn Phí)/ 02873013213 (Có Tính Phí).', 15599000, '2022-01-25 00:00:00', '2022-01-26 00:00:00', 'SS');
INSERT INTO `products` (`id`, `title`, `thumbnail`, `content`, `price`, `created_at`, `updated_at`, `type`) VALUES
(23, 'Điện thoại OPPO Reno6 5G', 'https://cdn.tgdd.vn/Products/Images/42/236186/oppo-reno6-5g-black-600x600.jpg', 'Chào tháng 12 tới với những niềm vui mới, Thế Giới Di Động mang đến khuyến mãi giảm 3% tối đa 100K khi thanh toán qua VNPAY QR. Tiện lợi và tiết kiệm, đó là những điều bạn sẽ có được khi không bỏ qua chương trình hấp dẫn này.\r\nĐể biết thêm chi tiết, hãy cùng lướt xuống bên dưới để tham khảo.\r\n\r\nThông tin chương trình\r\nThời gian diễn ra:\r\n\r\nGiai đoạn 1: 01/09/2021 - 30/09/2021.\r\n\r\nGiai đoạn 2: 01/10/2021 - 31/10/2021.\r\n\r\nGiai đoạn 3: 01/11/2021 - 31/11/2021.\r\n\r\nGiai đoạn 4: 01/12/2021 - 31/12/2021.\r\n\r\nGiai đoạn 5: 01/01/2022 - 31/01/2022.\r\n\r\nGiai đoạn 5: 01/02/2022 - 28/02/2022.\r\n\r\nGiai đoạn 5: 01/03/2022 - 31/03/2022.\r\n\r\nSản phẩm áp dụng: Tất cả sản phẩm (trừ các sản phẩm iPhone, Laptop, Sim số thẻ cào, Dịch vụ tiện ích).\r\n\r\nKhách hàng khi thanh toán nhập mã: Để được nhận ưu đãi, nhập mã DMX100.\r\n\r\nCác ngân hàng được áp dụng KM: Vietcombank, BIDV, VietinBank, Agribank, Nam A Bank, Eximbank, SCB, HDBank, ABBank, Vietbank, BIDC, SAIGONBANK, OceanBank, Kienlongbank, Bảo Việt Bank, Việt Á Bank và ví điện tử VNPAY\r\n\r\nSau đây là các bước mua hàng bằng cách quét mã VNPAY QR trên Thế Giới Di Động khi mua một đơn hàng nào đó:\r\n\r\nBước 1: Truy cập vào trang chủ của Thế Giới Di Động/Điện Máy xanh và mua một sản phẩm bất kì. Chọn mục MUA NGAY.\r\n\r\nBước 2: Giao diện sẽ hiện ra như hình, bạn điền thông tin cá nhân chính xác để đặt hàng. Sau đó bạn hãy chọn mục ĐẶT HÀNG.\r\n\r\nBước 3: Sẽ hiển thị thông tin đặt hàng thành công và chọn hình thức Thanh toán qua QR Code.\r\n\r\nBước 4: Giao diện quét mã sẽ hiện ra như hình.\r\n\r\nBước 5: Việc cần làm chỉ là chọn một trong các ngân hàng ở trên (đã cài sẵn ứng dụng ngân hàng đó) rồi hệ thống sẽ nhanh chóng hiển thị các thông tin tương ứng của giao dịch để bạn xác nhận và hoàn tất thủ tục thanh toán.\r\n\r\nLưu ý nhập mã DMX100 để được hưởng ưu đãi.\r\n\r\nLưu ý quan trọng:\r\n\r\nSố lần khuyến mãi: Mỗi khách hàng (tương ứng với mỗi số tài khoản ngân hàng và/hoặc số điện thoại đăng ký dịch vụ Mobile Banking) được khuyến mãi 01 (một lần)/giai đoạn.\r\nKhông áp dụng chung với các chương trình khuyến mãi VNPAY QR khác.\r\nKhông tách hóa đơn.\r\nChỉ áp dụng cho khách hàng lẻ, không áp dụng khách hàng mua buôn.\r\nNgoài ra, nếu như khách hàng đặt hàng trên smartphone bị lỗi thì tham khảo những cách làm sau để có thể nhận được ưu đãi: Với hệ điều hành iOS (iPhone, iPad), cần dùng trình duyệt Safari để đặt hàng.\r\n\r\nCần phải cài sẵn App của Ngân hàng đang dùng để tiến hành thanh toán.\r\nTrong một số trường hợp đã làm theo mục 1 và 2 nhưng vẫn lỗi, bạn thử sử dụng máy tính hoặc dùng điện thoại khác để thanh toán nhé!\r\nVậy còn chần chờ gì, nhanh chóng note lại để mua sắm thôi nào.', 12990000, '2022-01-26 15:12:32', '2022-01-27 15:12:32', 'OP'),
(24, 'Điện thoại OPPO Reno5 5G', 'https://cdn.tgdd.vn/Products/Images/42/233460/oppo-reno5-5g-thumb-600x600.jpg', 'Chào tháng 12 tới với những niềm vui mới, Thế Giới Di Động mang đến khuyến mãi giảm 3% tối đa 100K khi thanh toán qua VNPAY QR. Tiện lợi và tiết kiệm, đó là những điều bạn sẽ có được khi không bỏ qua chương trình hấp dẫn này.\r\nĐể biết thêm chi tiết, hãy cùng lướt xuống bên dưới để tham khảo.\r\n\r\nThông tin chương trình\r\nThời gian diễn ra:\r\n\r\nGiai đoạn 1: 01/09/2021 - 30/09/2021.\r\n\r\nGiai đoạn 2: 01/10/2021 - 31/10/2021.\r\n\r\nGiai đoạn 3: 01/11/2021 - 31/11/2021.\r\n\r\nGiai đoạn 4: 01/12/2021 - 31/12/2021.\r\n\r\nGiai đoạn 5: 01/01/2022 - 31/01/2022.\r\n\r\nGiai đoạn 5: 01/02/2022 - 28/02/2022.\r\n\r\nGiai đoạn 5: 01/03/2022 - 31/03/2022.\r\n\r\nSản phẩm áp dụng: Tất cả sản phẩm (trừ các sản phẩm iPhone, Laptop, Sim số thẻ cào, Dịch vụ tiện ích).\r\n\r\nKhách hàng khi thanh toán nhập mã: Để được nhận ưu đãi, nhập mã DMX100.\r\n\r\nCác ngân hàng được áp dụng KM: Vietcombank, BIDV, VietinBank, Agribank, Nam A Bank, Eximbank, SCB, HDBank, ABBank, Vietbank, BIDC, SAIGONBANK, OceanBank, Kienlongbank, Bảo Việt Bank, Việt Á Bank và ví điện tử VNPAY\r\n\r\nSau đây là các bước mua hàng bằng cách quét mã VNPAY QR trên Thế Giới Di Động khi mua một đơn hàng nào đó:\r\n\r\nBước 1: Truy cập vào trang chủ của Thế Giới Di Động/Điện Máy xanh và mua một sản phẩm bất kì. Chọn mục MUA NGAY.\r\n\r\nBước 2: Giao diện sẽ hiện ra như hình, bạn điền thông tin cá nhân chính xác để đặt hàng. Sau đó bạn hãy chọn mục ĐẶT HÀNG.\r\n\r\nBước 3: Sẽ hiển thị thông tin đặt hàng thành công và chọn hình thức Thanh toán qua QR Code.\r\n\r\nBước 4: Giao diện quét mã sẽ hiện ra như hình.\r\n\r\nBước 5: Việc cần làm chỉ là chọn một trong các ngân hàng ở trên (đã cài sẵn ứng dụng ngân hàng đó) rồi hệ thống sẽ nhanh chóng hiển thị các thông tin tương ứng của giao dịch để bạn xác nhận và hoàn tất thủ tục thanh toán.\r\n\r\nLưu ý nhập mã DMX100 để được hưởng ưu đãi.\r\n\r\nLưu ý quan trọng:\r\n\r\nSố lần khuyến mãi: Mỗi khách hàng (tương ứng với mỗi số tài khoản ngân hàng và/hoặc số điện thoại đăng ký dịch vụ Mobile Banking) được khuyến mãi 01 (một lần)/giai đoạn.\r\nKhông áp dụng chung với các chương trình khuyến mãi VNPAY QR khác.\r\nKhông tách hóa đơn.\r\nChỉ áp dụng cho khách hàng lẻ, không áp dụng khách hàng mua buôn.\r\nNgoài ra, nếu như khách hàng đặt hàng trên smartphone bị lỗi thì tham khảo những cách làm sau để có thể nhận được ưu đãi: Với hệ điều hành iOS (iPhone, iPad), cần dùng trình duyệt Safari để đặt hàng.\r\n\r\nCần phải cài sẵn App của Ngân hàng đang dùng để tiến hành thanh toán.\r\nTrong một số trường hợp đã làm theo mục 1 và 2 nhưng vẫn lỗi, bạn thử sử dụng máy tính hoặc dùng điện thoại khác để thanh toán nhé!\r\nVậy còn chần chờ gì, nhanh chóng note lại để mua sắm thôi nào.', 8990000, '2022-01-28 00:00:00', '2022-01-29 00:00:00', 'OP');

-- --------------------------------------------------------

--
-- Cấu trúc bảng cho bảng `users`
--

CREATE TABLE `users` (
  `id` int(11) NOT NULL,
  `username` varchar(20) COLLATE utf8mb4_unicode_ci DEFAULT NULL,
  `password` varchar(200) COLLATE utf8mb4_unicode_ci DEFAULT NULL,
  `fullname` varchar(100) COLLATE utf8mb4_unicode_ci DEFAULT NULL,
  `phone_number` varchar(20) COLLATE utf8mb4_unicode_ci DEFAULT NULL,
  `email` varchar(200) COLLATE utf8mb4_unicode_ci DEFAULT NULL,
  `address` varchar(200) COLLATE utf8mb4_unicode_ci DEFAULT NULL,
  `token` varchar(50) COLLATE utf8mb4_unicode_ci DEFAULT NULL
) ENGINE=InnoDB DEFAULT CHARSET=utf8mb4 COLLATE=utf8mb4_unicode_ci;

--
-- Đang đổ dữ liệu cho bảng `users`
--

INSERT INTO `users` (`id`, `username`, `password`, `fullname`, `phone_number`, `email`, `address`, `token`) VALUES
(10, 'tienbinh2412', 'db53d3a7d83e8ac8e9424ba033579e60', 'Đinh Tiến Bình', '0909314663', 'tienbinh2415@gmail.com', '209/17 Vườn Lài', ''),
(11, 'nguyenhuy123', '59ba98d0a27acad6d6f0b91141004e55', 'Nguyễn Văn Huy', '0909234534', 'nguyenhuy123@gmail.com', '567 Bình Hưng Hòa', '');

--
-- Chỉ mục cho các bảng đã đổ
--

--
-- Chỉ mục cho bảng `orders`
--
ALTER TABLE `orders`
  ADD PRIMARY KEY (`id`);

--
-- Chỉ mục cho bảng `order_details`
--
ALTER TABLE `order_details`
  ADD PRIMARY KEY (`id`);

--
-- Chỉ mục cho bảng `products`
--
ALTER TABLE `products`
  ADD PRIMARY KEY (`id`);

--
-- Chỉ mục cho bảng `users`
--
ALTER TABLE `users`
  ADD PRIMARY KEY (`id`);

--
-- AUTO_INCREMENT cho các bảng đã đổ
--

--
-- AUTO_INCREMENT cho bảng `orders`
--
ALTER TABLE `orders`
  MODIFY `id` int(11) NOT NULL AUTO_INCREMENT, AUTO_INCREMENT=13;

--
-- AUTO_INCREMENT cho bảng `order_details`
--
ALTER TABLE `order_details`
  MODIFY `id` int(11) NOT NULL AUTO_INCREMENT, AUTO_INCREMENT=11;

--
-- AUTO_INCREMENT cho bảng `products`
--
ALTER TABLE `products`
  MODIFY `id` int(11) NOT NULL AUTO_INCREMENT, AUTO_INCREMENT=25;

--
-- AUTO_INCREMENT cho bảng `users`
--
ALTER TABLE `users`
  MODIFY `id` int(11) NOT NULL AUTO_INCREMENT, AUTO_INCREMENT=12;
COMMIT;

/*!40101 SET CHARACTER_SET_CLIENT=@OLD_CHARACTER_SET_CLIENT */;
/*!40101 SET CHARACTER_SET_RESULTS=@OLD_CHARACTER_SET_RESULTS */;
/*!40101 SET COLLATION_CONNECTION=@OLD_COLLATION_CONNECTION */;
